{
  "IcoMoonType": "selection",
  "icons": [
    {
      "icon": {
        "paths": [
          "M128 40h768c48.601 0 88 39.399 88 88v768c0 48.601-39.399 88-88 88h-768c-48.601 0-88-39.399-88-88v-768c0-48.601 39.399-88 88-88z",
          "M732.518 272.324c11.059-10.586 25.773-16.438 41.043-16.322s29.901 6.191 40.8 16.944c10.899 10.753 17.216 25.342 17.619 40.689s-5.139 30.252-15.456 41.568l-313.256 393.878c-5.387 5.83-11.888 10.509-19.115 13.76s-15.032 4.998-22.947 5.146c-7.916 0.147-15.779-1.312-23.121-4.288s-14.011-7.411-19.608-13.043l-207.737-208.855c-5.786-5.42-10.426-11.955-13.644-19.217s-4.949-15.101-5.089-23.050c-0.14-7.949 1.315-15.844 4.276-23.215s7.37-14.068 12.961-19.69c5.592-5.621 12.252-10.053 19.584-13.030s15.185-4.44 23.091-4.3c7.906 0.14 15.703 1.88 22.926 5.116s13.724 7.901 19.114 13.717l164.399 165.207 272.666-349.279c0.486-0.608 1.011-1.187 1.568-1.736h-0.077z",
          "M128 40h768c48.601 0 88 39.399 88 88v768c0 48.601-39.399 88-88 88h-768c-48.601 0-88-39.399-88-88v-768c0-48.601 39.399-88 88-88z"
        ],
        "attrs": [
          {
            "fill": "rgb(77, 90, 229)"
          },
          {
            "fill": "rgb(244, 244, 253)"
          },
          {
            "fill": "none",
            "stroke": "rgb(77, 90, 229)",
            "strokeLinejoin": "miter",
            "strokeLinecap": "butt",
            "strokeMiterlimit": "4",
            "strokeWidth": 80
          }
        ],
        "isMulticolor": true,
        "isMulticolor2": true,
        "grid": 0,
        "tags": [
          "click2"
        ],
        "colorPermutations": {
          "244244253177902291": [
            {
              "f": 0
            },
            {
              "f": 1
            },
            {
              "s": 0
            }
          ]
        }
      },
      "attrs": [
        {
          "fill": "rgb(77, 90, 229)"
        },
        {
          "fill": "rgb(244, 244, 253)"
        },
        {
          "fill": "none",
          "stroke": "rgb(77, 90, 229)",
          "strokeLinejoin": "miter",
          "strokeLinecap": "butt",
          "strokeMiterlimit": "4",
          "strokeWidth": 80
        }
      ],
      "properties": {
        "order": 69,
        "id": 3,
        "name": "click2",
        "prevSize": 32
      },
      "setIdx": 0,
      "setId": 5,
      "iconIdx": 0
    },
    {
      "icon": {
        "paths": [
          "M640 256h-512c-35.2 0-63.68 28.8-63.68 64l-0.32 384c0 35.2 28.8 64 64 64h512c35.2 0 64-28.8 64-64v-384c0-35.2-28.8-64-64-64zM627.2 392l-226.24 141.44c-10.24 6.4-23.68 6.4-33.92 0l-226.24-141.44c-8-5.12-12.8-13.76-12.8-23.040 0-21.44 23.36-34.24 41.6-23.040l214.4 134.080 214.4-134.080c18.24-11.2 41.6 1.6 41.6 23.040 0 9.28-4.8 17.92-12.8 23.040z"
        ],
        "attrs": [
          {}
        ],
        "width": 768,
        "isMulticolor": false,
        "isMulticolor2": false,
        "grid": 0,
        "tags": [
          "mail2"
        ],
        "colorPermutations": {
          "244244253177902291": [
            {}
          ]
        }
      },
      "attrs": [
        {}
      ],
      "properties": {
        "order": 70,
        "id": 2,
        "name": "mail2",
        "prevSize": 32
      },
      "setIdx": 0,
      "setId": 5,
      "iconIdx": 1
    },
    {
      "icon": {
        "paths": [
          "M512 512c94.293 0 170.667-76.373 170.667-170.667s-76.373-170.667-170.667-170.667c-94.293 0-170.667 76.373-170.667 170.667s76.373 170.667 170.667 170.667zM512 597.333c-113.92 0-341.333 57.173-341.333 170.667v42.667c0 23.467 19.2 42.667 42.667 42.667h597.333c23.467 0 42.667-19.2 42.667-42.667v-42.667c0-113.493-227.413-170.667-341.333-170.667z"
        ],
        "attrs": [
          {
            "fill": "rgb(77, 90, 229)"
          }
        ],
        "isMulticolor": false,
        "isMulticolor2": false,
        "grid": 0,
        "tags": [
          "person2"
        ],
        "colorPermutations": {
          "244244253177902291": [
            {
              "f": 0
            }
          ]
        }
      },
      "attrs": [
        {
          "fill": "rgb(77, 90, 229)"
        }
      ],
      "properties": {
        "order": 71,
        "id": 1,
        "name": "person2",
        "prevSize": 32
      },
      "setIdx": 0,
      "setId": 5,
      "iconIdx": 2
    },
    {
      "icon": {
        "paths": [
          "M628.322 591.578l-78.43-8.956c-18.833-2.159-37.359 4.326-50.637 17.6l-56.815 56.815c-87.381-44.463-159.016-115.789-203.479-203.477l57.122-57.125c13.277-13.277 19.761-31.803 17.6-50.639l-8.954-77.81c-3.705-31.186-29.951-54.653-61.445-54.653h-53.417c-34.891 0-63.916 29.024-61.754 63.916 16.365 263.692 227.255 474.273 490.634 490.636 34.893 2.163 63.915-26.863 63.915-61.751v-53.419c0.311-31.185-23.155-57.429-54.34-61.137z"
        ],
        "attrs": [
          {}
        ],
        "width": 768,
        "isMulticolor": false,
        "isMulticolor2": false,
        "grid": 0,
        "tags": [
          "tel2"
        ],
        "colorPermutations": {
          "244244253177902291": [
            {}
          ]
        }
      },
      "attrs": [
        {}
      ],
      "properties": {
        "order": 72,
        "id": 0,
        "name": "tel2",
        "prevSize": 32
      },
      "setIdx": 0,
      "setId": 5,
      "iconIdx": 3
    },
    {
      "icon": {
        "paths": [
          "M984.741 707.123l-270.182-272.162 29.986-147.696c7.738 3.021 15.965 4.6 24.269 4.659h0.205c38.154 0.451 69.446-30.112 69.899-68.264s-30.112-69.446-68.264-69.899c-38.154-0.45-69.446 30.112-69.899 68.265-0.096 8.163 1.254 16.278 3.992 23.971l-158.72 19.371-258.902-260.25c-3.176-3.241-7.512-5.084-12.050-5.12-4.48 0.023-8.77 1.807-11.946 4.966l-48.402 48.128c-6.662 6.664-6.662 17.468 0 24.132l26.043 26.419c-100.897 185.533-68.125 415.29 80.624 565.213 1.365 1.306 2.947 2.362 4.675 3.123-1.075 5.776-1.635 11.635-1.672 17.51v197.974h-204.8c-47.104 0.054-85.278 38.229-85.333 85.333v34.133c0 9.426 7.642 17.067 17.067 17.067h785.066c9.426 0 17.067-7.642 17.067-17.067v-34.133c-0.056-47.104-38.229-85.278-85.333-85.333h-204.8v-87.741c32.083 6.73 64.771 10.16 97.552 10.24 78.661-0.085 156.069-19.694 225.28-57.070l26.181 26.334c3.176 3.24 7.512 5.083 12.050 5.12 4.48-0.024 8.77-1.808 11.946-4.966l48.402-48.128c6.662-6.666 6.662-17.469 0-24.133zM744.954 199.458c13.366-13.294 34.979-13.235 48.272 0.131 13.294 13.365 13.235 34.978-0.131 48.27-6.397 6.363-15.054 9.934-24.078 9.933h-0.102c-18.85-0.098-34.054-15.458-33.957-34.31 0.048-9.024 3.666-17.659 10.064-24.024h-0.067zM704.779 311.603l-19.149 94.259-37.614-37.837 56.763-56.422zM685.392 282.744l-61.44 61.082-47.531-47.787 108.971-13.294zM768.131 921.6c28.277 0 51.2 22.923 51.2 51.2v17.067h-750.934v-17.067c0-28.277 22.923-51.2 51.2-51.2h648.534zM529.197 853.333v34.134h-170.667v-34.134h170.667zM358.53 819.2v-129.707c0-41.403 38.282-75.093 85.334-75.093s85.333 33.69 85.333 75.093v129.707h-170.667zM563.331 764.928v-75.435c0-60.227-53.59-109.226-119.467-109.226-42.595-0.653-82.424 21.027-104.995 57.155-129.846-136.762-159.086-340.646-72.915-508.388l595.259 598.671c-91.917 46.758-197.285 59.923-297.882 37.222zM924.581 743.048l-673.827-677.785 24.15-24.064 253.917 255.352c0.12 0 0.189 0.222 0.309 0.307l419.669 422.126-24.218 24.064z",
          "M444.018 648.533h-0.154c-28.277-0.043-51.234 22.846-51.277 51.123s22.846 51.234 51.123 51.277h0.154c28.277 0.043 51.234-22.846 51.277-51.123 0.042-28.277-22.846-51.234-51.123-51.277zM455.965 711.834c-3.213 3.195-7.568 4.982-12.101 4.966-9.426-0.050-17.026-7.73-16.978-17.155 0.024-4.512 1.834-8.829 5.030-12.013 3.178-3.158 7.467-4.942 11.947-4.966 9.426 0.050 17.026 7.73 16.978 17.155-0.024 4.512-1.834 8.829-5.030 12.013h0.154z"
        ],
        "attrs": [
          {
            "fill": "rgb(46, 47, 66)"
          },
          {
            "fill": "rgb(77, 90, 229)"
          }
        ],
        "isMulticolor": true,
        "isMulticolor2": false,
        "grid": 0,
        "tags": [
          "antenna"
        ],
        "colorPermutations": {
          "14214315312442442531464766177902291": [
            {
              "f": 0
            },
            {
              "f": 2
            }
          ]
        }
      },
      "attrs": [
        {
          "fill": "rgb(46, 47, 66)"
        },
        {
          "fill": "rgb(77, 90, 229)"
        }
      ],
      "properties": {
        "order": 55,
        "id": 13,
        "name": "antenna",
        "prevSize": 32
      },
      "setIdx": 3,
      "setId": 2,
      "iconIdx": 0
    },
    {
      "icon": {
        "paths": [
          "M1023.17 144.77c-2.014-6.162-7.339-10.666-13.773-11.606l-61.133-8.892-27.358-55.399c-5.734-11.674-24.866-11.674-30.6 0l-27.358 55.399-61.136 8.894c-6.434 0.938-11.757 5.428-13.789 11.606-1.997 6.178-0.342 12.97 4.317 17.494l44.256 43.13-10.445 60.894c-1.093 6.4 1.536 12.869 6.776 16.693 5.309 3.858 12.237 4.334 17.989 1.296l54.682-28.758 54.683 28.758c2.493 1.314 5.24 1.962 7.954 1.962 3.533 0 7.067-1.091 10.037-3.259 5.256-3.822 7.885-10.293 6.776-16.693l-10.443-60.894 44.254-43.13c4.635-4.54 6.31-11.316 4.312-17.494zM944.357 187.232c-4.011 3.909-5.854 9.574-4.899 15.106l6.11 35.651-32.016-16.827c-2.493-1.315-5.222-1.963-7.955-1.963-2.73 0-5.443 0.648-7.954 1.963l-32.018 16.827 6.109-35.651c0.957-5.531-0.888-11.179-4.898-15.106l-25.925-25.258 35.806-5.206c5.565-0.802 10.36-4.3 12.853-9.336l16.008-32.426 16.008 32.426c2.493 5.034 7.288 8.534 12.853 9.336l35.806 5.206-25.89 25.258z",
          "M836.272 656.71h-34.136v34.134h34.136v-34.134z",
          "M836.272 724.979h-34.136v34.134h34.136v-34.134z",
          "M870.406 690.845h-34.134v34.134h34.134v-34.134z",
          "M802.139 690.845h-34.136v34.134h34.136v-34.134z",
          "M716.802 844.448h-34.134v34.133h34.134v-34.133z",
          "M716.802 912.714h-34.134v34.136h34.134v-34.136z",
          "M750.938 878.581h-34.134v34.136h34.134v-34.136z",
          "M682.667 878.581h-34.134v34.136h34.134v-34.136z",
          "M512 776.181h-34.134v34.134h34.134v-34.134z",
          "M512 844.448h-34.134v34.133h34.134v-34.133z",
          "M546.134 810.312h-34.134v34.134h34.134v-34.134z",
          "M477.866 810.312h-34.134v34.134h34.134v-34.134z",
          "M187.728 195.902h-34.134v34.134h34.134v-34.134z",
          "M187.728 264.173h-34.134v34.134h34.134v-34.134z",
          "M221.861 230.038h-34.134v34.134h34.134v-34.134z",
          "M153.593 230.038h-34.134v34.134h34.134v-34.134z",
          "M790.872 453.102c-9.198-12.408-22.698-20.394-38.024-22.546-15.395-2.184-30.586 1.859-42.874 11.264l-40.074 30.72-60.726 45.347-43.451-17.306c77.483-34.765 131.637-112.266 131.637-202.243 0-122.336-99.926-221.87-222.757-221.87s-222.755 99.534-222.755 221.87c0 44.341 13.259 85.573 35.84 120.269l-88.442-0.768c-0.051 0-0.102 0-0.154 0-0.274 0-0.494 0.136-0.75 0.155-1.69 0.067-3.346 0.41-4.966 0.989-0.41 0.155-0.835 0.24-1.227 0.427-0.205 0.085-0.41 0.101-0.614 0.203l-103.46 51.082c-0.018 0-0.034 0-0.034 0.016l-60.589 29.136c-0.666 0.29-1.348 0.682-2.014 1.126-24.15 16.075-32.376 47.65-19.148 73.454 7.048 13.722 19.046 23.827 33.793 28.451 5.684 1.773 11.486 2.645 17.254 2.645 9.268 0 18.45-2.269 26.862-6.757l44.409-23.621 72.448-37.411 43.419-0.256-174.135 173.299c-0.016 0.018-0.034 0.018-0.052 0.034l-42.839 42.667c-10.12 10.070-15.684 23.432-15.684 37.685 0 14.234 5.564 27.63 15.684 37.718 10.394 10.342 24.064 15.53 37.735 15.53 13.688 0 27.34-5.187 37.768-15.53l42.053-41.883 55.706-41.592 28.827 28.706-56.373 56.133c-0.016 0.019-0.034 0.019-0.053 0.035l-42.838 42.666c-10.12 10.070-15.684 23.432-15.684 37.685 0 14.234 5.564 27.63 15.684 37.718 10.394 10.342 24.082 15.531 37.753 15.531s27.358-5.189 37.768-15.531l111.411-110.933c0.019-0.019 0.019-0.035 0.035-0.053l32.307-32-0.12-0.12c0.205-0.205 0.494-0.275 0.701-0.494l165.31-181.062 111.072 15.803c0.802 0.12 1.603 0.171 2.406 0.171 2.066 0 4.061-0.494 5.989-1.229 0.565-0.203 1.059-0.478 1.589-0.75 0.614-0.307 1.262-0.477 1.843-0.869l102.829-68.267c0.376-0.256 0.579-0.667 0.938-0.939 0.41-0.323 0.922-0.459 1.296-0.819l40.686-38.11c21.171-19.837 24.088-52.331 6.782-75.576zM68.173 568.645c-5.546 2.97-11.844 3.566-17.868 1.656-5.974-1.861-10.82-5.941-13.654-11.453-5.154-10.035-2.168-22.256 6.86-28.859l42.037-20.226 14.37 42.002-31.744 16.88zM180.080 510.158l-49.544 25.6-14.044-41.064 64.856-32.019-1.267 47.483zM663.262 298.304c0 29.389-7.014 57.107-19.166 81.904l-133.805-60.774c-1.4-18.347-10.922-34.406-25.224-44.41l46.848-155.53c76.086 24.202 131.347 95.183 131.347 178.81zM286.016 298.304c0-103.51 84.618-187.736 188.622-187.736 8.091 0 16.010 0.682 23.843 1.672l-45.826 152.119c-0.613-0.018-1.194-0.189-1.826-0.189-33.042 0-59.923 26.795-59.923 59.736 0 32.938 26.882 59.734 59.923 59.734 22.221 0 41.421-12.27 51.781-30.227l123.598 56.152c-34.39 46.285-89.432 76.477-151.573 76.477-104.003 0-188.621-84.226-188.621-187.738zM476.619 323.906c0 14.114-11.573 25.6-25.789 25.6s-25.789-11.486-25.789-25.6c0-14.115 11.573-25.602 25.789-25.602s25.789 11.486 25.789 25.602zM78.875 804.68c-7.56 7.493-19.798 7.477-27.34 0.018-3.636-3.635-5.632-8.429-5.632-13.533 0-5.086 1.996-9.883 5.632-13.483l30.786-30.67 27.239 27.12-30.684 30.549zM181.718 924.15c-7.56 7.491-19.814 7.51-27.358 0.018-3.636-3.635-5.632-8.43-5.632-13.534 0-5.086 1.996-9.882 5.632-13.482l30.806-30.686 27.256 27.12-30.704 30.565zM293.133 813.147c-0.019 0.016-0.035 0.016-0.053 0.034l-56.475 56.32-27.256-27.12 56.422-56.166c0 0 0 0 0-0.016 0.019-0.018 0.035-0.018 0.053-0.034 1.28-1.28 2.082-2.816 2.867-4.334 0.222-0.445 0.648-0.821 0.837-1.28 0.53-1.314 0.614-2.73 0.819-4.115 0.102-0.786 0.445-1.517 0.445-2.322 0-1.144-0.41-2.251-0.648-3.379-0.205-1.024-0.205-2.067-0.598-3.054-0.648-1.605-1.758-3.021-2.918-4.405-0.323-0.376-0.443-0.853-0.802-1.211 0 0 0 0-0.018 0-0.018-0.016-0.018-0.053-0.034-0.069l-51.424-51.2c-0.546-0.546-1.245-0.768-1.859-1.229-0.904-0.699-1.774-1.347-2.782-1.843-0.971-0.478-1.962-0.768-2.986-1.042-1.093-0.309-2.15-0.547-3.294-0.632-1.042-0.069-2.014 0.034-3.054 0.154-1.144 0.136-2.218 0.29-3.328 0.648-1.075 0.342-2.030 0.87-3.019 1.434-0.632 0.358-1.349 0.478-1.947 0.922l-56.746 42.362-28.827-28.707 76.768-76.357 139.539 137.237-29.682 29.406zM511.334 588.613c-0.494-0.067-0.957 0.12-1.451 0.086-1.246-0.069-2.44 0.018-3.686 0.222-0.971 0.17-1.893 0.357-2.816 0.682-1.091 0.376-2.082 0.888-3.090 1.502-0.955 0.579-1.826 1.194-2.662 1.962-0.41 0.358-0.904 0.53-1.28 0.938l-150.344 164.662-138.498-136.211 90.659-90.182c6.674-6.656 6.707-17.459 0.051-24.15-3.362-3.362-7.781-5.018-12.202-5v-0.016l-70.998 0.427 0.888-51.44 99.33 0.854c40.482 41.405 96.939 67.227 159.403 67.227 13.995 0 27.65-1.45 40.944-3.926 1.28 1.024 2.541 2.067 4.147 2.715l77.109 30.72 4.88 24.269 5.701 28.33-96.085-13.67zM640.65 594.314l-10.018-49.853 46.285-34.562 30.294 40.21-66.562 44.205zM760.765 503.722l-26.811 25.123-29.798-39.562 26.606-20.394c4.965-3.822 11.23-5.376 17.374-4.574 6.178 0.87 11.64 4.096 15.36 9.096 6.93 9.336 5.752 22.358-2.731 30.31z",
          "M435.266 593.41l-68.574-68.267c-6.638-6.638-17.427-6.638-24.083 0l-68.557 68.267c-3.208 3.226-5.018 7.56-5.018 12.099 0 4.541 1.792 8.893 5.018 12.101l68.557 68.267c3.328 3.31 7.699 4.966 12.051 4.966s8.72-1.656 12.032-4.966l68.574-68.267c3.208-3.208 5.034-7.56 5.034-12.101 0-4.539-1.81-8.891-5.034-12.099zM354.659 649.696l-44.376-44.187 44.376-44.186 44.39 44.186-44.39 44.187z",
          "M549.256 162.264l-8.245 33.146c2.27 0.563 55.605 14.456 55.605 68.763h34.134c-0.002-64.549-53.301-94.894-81.494-101.909z",
          "M630.752 298.304h-34.134v34.136h34.134v-34.136z"
        ],
        "attrs": [
          {
            "fill": "rgb(77, 90, 229)"
          },
          {
            "fill": "rgb(77, 90, 229)"
          },
          {
            "fill": "rgb(77, 90, 229)"
          },
          {
            "fill": "rgb(77, 90, 229)"
          },
          {
            "fill": "rgb(77, 90, 229)"
          },
          {
            "fill": "rgb(77, 90, 229)"
          },
          {
            "fill": "rgb(77, 90, 229)"
          },
          {
            "fill": "rgb(77, 90, 229)"
          },
          {
            "fill": "rgb(77, 90, 229)"
          },
          {
            "fill": "rgb(77, 90, 229)"
          },
          {
            "fill": "rgb(77, 90, 229)"
          },
          {
            "fill": "rgb(77, 90, 229)"
          },
          {
            "fill": "rgb(77, 90, 229)"
          },
          {
            "fill": "rgb(77, 90, 229)"
          },
          {
            "fill": "rgb(77, 90, 229)"
          },
          {
            "fill": "rgb(77, 90, 229)"
          },
          {
            "fill": "rgb(77, 90, 229)"
          },
          {
            "fill": "rgb(46, 47, 66)"
          },
          {
            "fill": "rgb(46, 47, 66)"
          },
          {
            "fill": "rgb(46, 47, 66)"
          },
          {
            "fill": "rgb(46, 47, 66)"
          }
        ],
        "isMulticolor": true,
        "isMulticolor2": false,
        "grid": 0,
        "tags": [
          "astronaut"
        ],
        "colorPermutations": {
          "14214315312442442531464766177902291": [
            {
              "f": 2
            },
            {
              "f": 2
            },
            {
              "f": 2
            },
            {
              "f": 2
            },
            {
              "f": 2
            },
            {
              "f": 2
            },
            {
              "f": 2
            },
            {
              "f": 2
            },
            {
              "f": 2
            },
            {
              "f": 2
            },
            {
              "f": 2
            },
            {
              "f": 2
            },
            {
              "f": 2
            },
            {
              "f": 2
            },
            {
              "f": 2
            },
            {
              "f": 2
            },
            {
              "f": 2
            },
            {
              "f": 0
            },
            {
              "f": 0
            },
            {
              "f": 0
            },
            {
              "f": 0
            }
          ]
        }
      },
      "attrs": [
        {
          "fill": "rgb(77, 90, 229)"
        },
        {
          "fill": "rgb(77, 90, 229)"
        },
        {
          "fill": "rgb(77, 90, 229)"
        },
        {
          "fill": "rgb(77, 90, 229)"
        },
        {
          "fill": "rgb(77, 90, 229)"
        },
        {
          "fill": "rgb(77, 90, 229)"
        },
        {
          "fill": "rgb(77, 90, 229)"
        },
        {
          "fill": "rgb(77, 90, 229)"
        },
        {
          "fill": "rgb(77, 90, 229)"
        },
        {
          "fill": "rgb(77, 90, 229)"
        },
        {
          "fill": "rgb(77, 90, 229)"
        },
        {
          "fill": "rgb(77, 90, 229)"
        },
        {
          "fill": "rgb(77, 90, 229)"
        },
        {
          "fill": "rgb(77, 90, 229)"
        },
        {
          "fill": "rgb(77, 90, 229)"
        },
        {
          "fill": "rgb(77, 90, 229)"
        },
        {
          "fill": "rgb(77, 90, 229)"
        },
        {
          "fill": "rgb(46, 47, 66)"
        },
        {
          "fill": "rgb(46, 47, 66)"
        },
        {
          "fill": "rgb(46, 47, 66)"
        },
        {
          "fill": "rgb(46, 47, 66)"
        }
      ],
      "properties": {
        "order": 56,
        "id": 12,
        "name": "astronaut",
        "prevSize": 32
      },
      "setIdx": 3,
      "setId": 2,
      "iconIdx": 1
    },
    {
      "icon": {
        "paths": [
          "M1001.493 489.64c-0.054-270.475-219.368-489.695-489.853-489.64-270.475 0.055-489.695 219.374-489.64 489.851 0.047 213.054 137.82 401.634 340.781 466.438 1.938 0.61 3.954 0.922 5.978 0.914 3.859-0.008 7.64-1.038 10.96-3 4.32-2.555 7.547-6.618 9.062-11.406l123.68-392c33.813-0.171 61.078-27.726 60.899-61.531-0.173-33.813-27.72-61.078-61.531-60.906-9.094 0.038-18.070 2.133-26.243 6.125l-163.39-163.414c-8.109-7.829-21.024-7.602-28.851 0.499-7.642 7.915-7.642 20.446 0 28.36l163.304 163.493c-12.531 25.578-5.366 56.453 17.165 73.89l-117.845 373.531c-232.89-85.789-352.14-344.125-266.351-577.014 85.789-232.891 344.125-352.141 577.016-266.352 232.89 85.789 352.139 344.133 266.35 577.016-41.914 113.781-128.030 205.797-238.789 255.147l-12.734-59.976c-2.328-11.024-13.163-18.070-24.187-15.734-3.477 0.742-6.704 2.374-9.36 4.742l-122.781 109.618c-8.422 7.491-9.171 20.39-1.672 28.813 2.438 2.734 5.563 4.765 9.062 5.882l156.758 50.032c10.726 3.445 22.219-2.453 25.664-13.187 1.093-3.39 1.274-7 0.539-10.485l-12.515-58.851c181.258-76.414 298.944-254.149 298.523-450.853v0zM511.75 469.235c11.266 0 20.406 9.139 20.406 20.405 0 11.274-9.141 20.406-20.406 20.406-11.274 0-20.406-9.133-20.406-20.406 0-11.266 9.133-20.405 20.406-20.405zM578.962 944.883l69.89-62.344 19.29 90.891-89.179-28.547z",
          "M491.344 101.922v40.812c0 11.273 9.133 20.406 20.406 20.406 11.266 0 20.406-9.133 20.406-20.406v-40.812c0-11.266-9.141-20.406-20.406-20.406-11.274 0-20.406 9.141-20.406 20.406z",
          "M124.031 469.234c-11.273 0-20.406 9.141-20.406 20.406 0 11.274 9.133 20.406 20.406 20.406h40.812c11.274 0 20.406-9.133 20.406-20.406 0-11.266-9.133-20.406-20.406-20.406h-40.812z",
          "M899.459 510.046c11.274 0 20.406-9.133 20.406-20.406 0-11.266-9.133-20.406-20.406-20.406h-40.811c-11.266 0-20.406 9.141-20.406 20.406 0 11.274 9.141 20.406 20.406 20.406h40.811z"
        ],
        "attrs": [
          {
            "fill": "rgb(46, 47, 66)"
          },
          {
            "fill": "rgb(77, 90, 229)"
          },
          {
            "fill": "rgb(77, 90, 229)"
          },
          {
            "fill": "rgb(77, 90, 229)"
          }
        ],
        "isMulticolor": true,
        "isMulticolor2": false,
        "grid": 0,
        "tags": [
          "clock"
        ],
        "colorPermutations": {
          "14214315312442442531464766177902291": [
            {
              "f": 0
            },
            {
              "f": 2
            },
            {
              "f": 2
            },
            {
              "f": 2
            }
          ]
        }
      },
      "attrs": [
        {
          "fill": "rgb(46, 47, 66)"
        },
        {
          "fill": "rgb(77, 90, 229)"
        },
        {
          "fill": "rgb(77, 90, 229)"
        },
        {
          "fill": "rgb(77, 90, 229)"
        }
      ],
      "properties": {
        "order": 57,
        "id": 11,
        "name": "clock",
        "prevSize": 32
      },
      "setIdx": 3,
      "setId": 2,
      "iconIdx": 2
    },
    {
      "icon": {
        "paths": [
          "M694.857 128l128.143 122.083-237.857-0.141v592.315h621.714v-226.47l128 121.947v-609.733h-640zM1201.232 601.457l-363.333-346.152h363.333v346.152zM1088.422 755.615h-404.901v-398.362h28.621v371.387h376.28v26.975zM764.268 951.974l-15.089-31.027h-12.454l21.873 41.072v23.929h11.295v-23.929l21.875-41.072h-12.411l-15.089 31.027zM819.893 920.947h2.679l24.552 65h-11.785l-5.259-15.223h-25.163l-5.248 15.223h-11.741l24.464-65h7.501zM807.98 961.841h19.030l-9.525-27.575-9.505 27.575zM886.53 951.071c-0.49-0.624-0.962-1.229-1.413-1.819-1.668-2.203-2.962-4.33-3.884-6.384-0.923-2.085-1.384-4.228-1.384-6.429 0-3.392 0.699-6.309 2.097-8.75s3.379-4.315 5.939-5.625c2.558-1.34 5.55-2.010 8.973-2.010 3.302 0 6.146 0.669 8.527 2.010 2.41 1.309 4.255 3.050 5.535 5.222 1.309 2.172 1.964 4.553 1.964 7.142 0 2.053-0.371 3.93-1.115 5.627-0.744 1.695-1.77 3.244-3.081 4.643-1.309 1.399-2.827 2.723-4.553 3.973l-4.515 3.286 12.871 15.19c0.424-0.834 0.808-1.712 1.152-2.628 1.103-2.858 1.653-6.027 1.653-9.51h9.285c0 3.156-0.313 6.146-0.938 8.975-0.594 2.827-1.562 5.445-2.902 7.856-0.543 1-1.157 1.957-1.843 2.869l9.521 11.238h-12.454l-3.778-4.443c-2.044 1.552-4.268 2.765-6.669 3.641-3.154 1.13-6.517 1.697-10.088 1.697-4.317 0-8.051-0.79-11.205-2.366-3.156-1.578-5.595-3.75-7.322-6.519-1.697-2.768-2.545-5.937-2.545-9.509 0-2.65 0.55-4.97 1.651-6.965 1.103-2.022 2.606-3.899 4.509-5.625 1.759-1.596 3.763-3.191 6.012-4.787zM891.864 957.603l-1.346 0.978c-1.578 1.28-2.754 2.516-3.527 3.707-0.744 1.161-1.234 2.233-1.472 3.215-0.24 0.982-0.358 1.845-0.358 2.589 0 1.904 0.402 3.63 1.205 5.179 0.834 1.547 2.039 2.781 3.617 3.705 1.607 0.892 3.557 1.339 5.848 1.339 2.47 0 4.866-0.55 7.188-1.651 1.163-0.567 2.267-1.249 3.31-2.048l-14.464-17.011zM894.433 945.73l3.986-2.684c1.876-1.249 3.215-2.47 4.019-3.661 0.803-1.22 1.205-2.737 1.205-4.553 0-1.547-0.596-2.975-1.787-4.286-1.19-1.309-2.873-1.964-5.045-1.964-1.518 0-2.798 0.357-3.838 1.072-1.042 0.684-1.83 1.607-2.366 2.768-0.507 1.13-0.759 2.395-0.759 3.794 0 1.339 0.342 2.723 1.026 4.151 0.686 1.399 1.622 2.873 2.812 4.42 0.243 0.311 0.492 0.624 0.746 0.944zM1008.152 964.787h-11.162c-0.327 2.827-1.011 5.222-2.053 7.188-1.011 1.935-2.514 3.407-4.507 4.42-1.966 1.011-4.539 1.518-7.724 1.518-2.619 0-4.866-0.521-6.742-1.563-1.874-1.040-3.421-2.514-4.643-4.42-1.19-1.904-2.083-4.182-2.677-6.83-0.567-2.679-0.848-5.656-0.848-8.929v-5.491c0-3.452 0.313-6.517 0.936-9.196 0.655-2.708 1.622-4.985 2.902-6.832 1.28-1.845 2.873-3.244 4.778-4.195 1.904-0.953 4.136-1.43 6.696-1.43 3.125 0 5.654 0.536 7.589 1.607 1.935 1.042 3.394 2.56 4.376 4.553 1.011 1.995 1.666 4.39 1.964 7.188h11.16c-0.446-4.345-1.666-8.199-3.661-11.562-1.964-3.363-4.731-5.998-8.304-7.901-3.571-1.905-7.945-2.858-13.124-2.858-4.078 0-7.753 0.715-11.028 2.143-3.244 1.428-6.025 3.496-8.347 6.206-2.322 2.677-4.107 5.906-5.358 9.686-1.22 3.78-1.83 8.007-1.83 12.679v5.402c0 4.672 0.596 8.9 1.787 12.679 1.22 3.78 2.977 7.009 5.268 9.688 2.291 2.648 5.045 4.701 8.258 6.16 3.215 1.428 6.832 2.143 10.849 2.143 5.239 0 9.688-0.953 13.349-2.858s6.502-4.509 8.527-7.812c2.024-3.333 3.215-7.13 3.571-11.385zM1070.16 955.233v-3.571c0-4.91-0.655-9.3-1.964-13.169-1.28-3.899-3.11-7.217-5.491-9.955-2.381-2.768-5.222-4.866-8.527-6.296-3.304-1.457-6.965-2.187-10.982-2.187-3.988 0-7.634 0.73-10.937 2.187-3.275 1.43-6.117 3.527-8.527 6.296-2.383 2.737-4.228 6.056-5.537 9.955-1.309 3.869-1.964 8.26-1.964 13.169v3.571c0 4.912 0.655 9.317 1.964 13.215 1.34 3.899 3.215 7.217 5.625 9.955 2.412 2.739 5.253 4.837 8.527 6.296 3.304 1.428 6.95 2.143 10.939 2.143 4.017 0 7.678-0.715 10.982-2.143 3.302-1.459 6.131-3.557 8.481-6.296 2.381-2.737 4.211-6.056 5.491-9.955s1.92-8.304 1.92-13.215zM1058.955 951.572v3.661c0 3.632-0.357 6.846-1.072 9.644-0.684 2.798-1.695 5.164-3.035 7.099-1.339 1.904-2.975 3.348-4.91 4.33-1.935 0.953-4.153 1.428-6.652 1.428-2.47 0-4.672-0.475-6.607-1.428-1.935-0.982-3.602-2.427-5.001-4.33-1.368-1.935-2.41-4.301-3.125-7.099-0.713-2.798-1.072-6.012-1.072-9.644v-3.661c0-3.63 0.358-6.83 1.072-9.598 0.715-2.798 1.741-5.133 3.081-7.009 1.368-1.904 3.021-3.333 4.955-4.284 1.935-0.982 4.136-1.474 6.607-1.474s4.688 0.492 6.652 1.474c1.964 0.951 3.615 2.381 4.955 4.284 1.368 1.876 2.395 4.211 3.079 7.009 0.715 2.768 1.072 5.968 1.072 9.598z"
        ],
        "attrs": [
          {
            "fill": "rgb(142, 143, 153)"
          }
        ],
        "width": 1902,
        "isMulticolor": false,
        "isMulticolor2": false,
        "grid": 0,
        "tags": [
          "company_1"
        ],
        "colorPermutations": {
          "14214315312442442531464766177902291": [
            {
              "f": 1
            }
          ]
        }
      },
      "attrs": [
        {
          "fill": "rgb(142, 143, 153)"
        }
      ],
      "properties": {
        "order": 58,
        "id": 10,
        "name": "company_1",
        "prevSize": 32
      },
      "setIdx": 3,
      "setId": 2,
      "iconIdx": 3
    },
    {
      "icon": {
        "paths": [
          "M916.363 108.517h-2.498c-3.838-0.232-7.678-0.325-11.518-0.419v0h-8.325c-7.263 0-14.665 0.186-22.020 0.558-0.554-0.040-1.11-0.040-1.664 0-66.64 3.776-131.93 20.432-192.294 49.056l-7.91 3.813v404.867l18.503-6.277c16.236-5.581 33.536-10.602 51.438-15.252 48.393-12.423 98.083-19.026 148.027-19.668v53.193c-6.616 0.048-13.045 0.234-19.474 0.56h-1.527c-38.437 2.108-76.577 7.963-113.887 17.483-47.252 11.831-92.837 29.594-135.675 52.869v-519.254c44.491-25.95 92.411-45.44 142.336-57.891 43.833-11.317 88.892-17.127 134.148-17.298h7.817c9.344 0.232 18.458 0.651 27.015 1.302 22.546 1.583 44.912 5.146 66.842 10.648v52.358c-21.297-4.962-42.951-8.227-64.761-9.765-0.443-0.037-0.885-0.075-1.328-0.113-4.513-0.385-9.031-0.771-13.244-0.771zM1008.508 162.037c11.61 0.884 23.638 1.302 35.803 1.302 47.574-0.174 94.945-6.249 141.040-18.088 47.23-11.875 92.795-29.652 135.629-52.916v510c-44.515 25.935-92.449 45.424-142.382 57.891-43.84 11.275-88.896 17.068-134.148 17.253-34.288 0.276-68.475-3.754-101.767-11.997v-513.302c7.863 1.813 15.958 3.487 24.192 4.882 13.508 2.279 27.756 3.952 41.633 4.975zM1268.061 165.989l-18.503 6.231c-17.024 5.719-34.185 10.835-51.44 15.391-50.235 12.91-101.864 19.531-153.715 19.716-12.072 0-23.173-0.325-33.905-1.024l-14.757-0.976v416.492l12.674 1.115c11.75 1.024 23.87 1.534 36.081 1.534 40.841-0.172 81.503-5.436 121.057-15.669 32.569-8.17 64.256-19.555 94.597-33.991l7.91-3.813v-405.006z",
          "M653.478 826.741c-2.659-2.759-5.866-4.926-9.412-6.36-3.547-1.434-7.353-2.103-11.173-1.964-4.070-0.055-8.112 0.704-11.888 2.233-3.463 1.379-6.61 3.451-9.253 6.091-2.611 2.648-4.645 5.815-5.967 9.3-1.45 3.652-2.174 7.554-2.128 11.485v69.376c-0.165 4.888 0.768 9.752 2.73 14.228 1.637 3.555 4.001 6.724 6.938 9.3 2.774 2.335 6.029 4.017 9.531 4.93 3.372 0.947 6.859 1.432 10.361 1.441 3.864 0.038 7.687-0.788 11.195-2.417 3.467-1.518 6.61-3.697 9.253-6.418 2.575-2.695 4.63-5.848 6.058-9.3 1.483-3.498 2.238-7.263 2.222-11.067v-7.764h-18.134v6.184c0.055 2.112-0.307 4.213-1.064 6.184-0.591 1.476-1.488 2.809-2.637 3.906-1.123 0.907-2.41 1.587-3.792 1.999-1.225 0.408-2.503 0.627-3.792 0.651-1.62 0.188-3.259-0.055-4.754-0.709-1.494-0.653-2.79-1.691-3.758-3.010-1.71-2.789-2.547-6.027-2.405-9.3v-64.68c-0.113-3.586 0.649-7.146 2.22-10.368 0.942-1.465 2.273-2.633 3.844-3.374s3.315-1.022 5.038-0.812c1.563-0.055 3.116 0.271 4.526 0.951s2.635 1.695 3.569 2.955c2.030 2.664 3.090 5.947 3.006 9.3v5.998h17.949v-7.067c0.035-4.151-0.719-8.271-2.222-12.136-1.339-3.635-3.401-6.958-6.060-9.765v0z",
          "M761.214 825.949c-5.782-4.882-13.080-7.579-20.63-7.625-3.694 0.015-7.356 0.677-10.825 1.953-3.522 1.262-6.771 3.187-9.574 5.672-3.004 2.701-5.402 6.014-7.033 9.719-1.827 4.237-2.725 8.821-2.637 13.438v66.54c-0.124 4.681 0.775 9.331 2.637 13.625 1.642 3.577 4.041 6.751 7.033 9.298 2.772 2.575 6.027 4.566 9.574 5.861 3.469 1.276 7.131 1.936 10.825 1.953 3.694-0.007 7.358-0.669 10.823-1.953 3.61-1.313 6.936-3.301 9.807-5.861 2.893-2.595 5.222-5.76 6.846-9.298 1.861-4.293 2.763-8.944 2.637-13.625v-66.54c0.090-4.617-0.81-9.201-2.637-13.438-1.613-3.666-3.941-6.971-6.846-9.719v0zM752.75 915.646c0.152 1.774-0.093 3.558-0.717 5.224-0.625 1.666-1.613 3.169-2.891 4.401-2.395 2.008-5.416 3.109-8.536 3.109s-6.139-1.101-8.534-3.109c-1.28-1.232-2.267-2.736-2.891-4.401-0.625-1.666-0.87-3.451-0.717-5.224v-66.54c-0.154-1.774 0.091-3.558 0.717-5.224 0.624-1.666 1.611-3.171 2.891-4.401 2.395-2.008 5.414-3.109 8.534-3.109s6.14 1.101 8.536 3.109c1.278 1.231 2.266 2.736 2.891 4.401 0.624 1.666 0.869 3.451 0.717 5.224v66.54z",
          "M902.716 945.36v-125.965h-17.439l-22.897 66.679h-0.324l-23.084-66.679h-17.254v125.965h17.995v-76.63h0.324l17.624 54.171h8.975l17.763-54.171h0.324v76.63h17.995z",
          "M1004.948 828.228c-2.772-3.109-6.268-5.475-10.178-6.883-4.211-1.37-8.618-2.030-13.045-1.953h-26.736v125.967h17.947v-49.196h9.251c5.601 0.254 11.173-0.931 16.19-3.441 4.081-2.266 7.484-5.59 9.854-9.626 2.075-3.35 3.474-7.080 4.116-10.973 0.706-4.74 1.031-9.531 0.971-14.321 0.176-6.049-0.415-12.096-1.757-17.995-1.198-4.359-3.472-8.344-6.614-11.579v0zM995.696 866.635c-0.077 2.28-0.645 4.518-1.666 6.557-1.026 1.936-2.648 3.487-4.624 4.416-2.659 1.19-5.559 1.732-8.466 1.582h-8.187v-42.825h9.251c2.787-0.137 5.563 0.406 8.095 1.58 1.856 1.066 3.33 2.693 4.209 4.65 0.982 2.213 1.516 4.601 1.573 7.022 0 2.651 0 5.44 0 8.369s0.185 5.952 0 8.649h-0.185z",
          "M1089.969 819.396h-14.711l-27.754 125.965h17.947l5.274-27.063h24.47l5.274 27.063h17.949l-28.449-125.965zM1073.408 901.14l8.836-45.661h0.324l8.79 45.661h-17.949z",
          "M1205.937 895.281h-0.324l-27.107-75.886h-17.254v125.965h17.947v-75.747h0.371l27.43 75.747h16.883v-125.965h-17.947v75.886z",
          "M1315.613 819.396l-14.433 50.079h-0.369l-14.433-50.079h-19.012l24.655 72.724v53.241h17.949v-53.241l24.655-72.724h-19.012z",
          "M603.429 980.928h8.651v24.272h5.873v-24.272h8.605v-4.976h-23.13v4.976z",
          "M676.145 975.952l-11.333 29.248h6.245l2.406-6.649h11.657l2.498 6.649h6.384l-11.611-29.248h-6.245zM675.22 993.622l3.979-10.834 3.977 10.834h-7.956z",
          "M748.030 994.416h6.755v3.767c-1.973 1.582-4.416 2.448-6.939 2.465-1.179 0.066-2.357-0.154-3.436-0.638-1.079-0.486-2.026-1.223-2.763-2.152-1.551-2.227-2.315-4.912-2.174-7.625 0-6.51 2.821-9.765 8.419-9.765 1.474-0.148 2.951 0.241 4.164 1.093 1.214 0.852 2.083 2.114 2.452 3.555l5.782-1.115c-1.249-5.72-5.365-8.602-12.398-8.602-3.76-0.101-7.417 1.247-10.222 3.767-1.474 1.454-2.615 3.215-3.341 5.158-0.728 1.944-1.024 4.023-0.869 6.093-0.172 4.003 1.167 7.921 3.747 10.975 1.432 1.477 3.167 2.624 5.083 3.363s3.97 1.050 6.018 0.914c4.577 0.128 9.022-1.54 12.398-4.65v-11.531h-12.676v4.928z",
          "M821.442 975.952h-5.921v29.248h20.491v-4.976h-14.57v-24.272z",
          "M883.52 975.952h-5.921v29.248h5.921v-29.248z",
          "M944.21 995.483l-11.981-19.531h-5.736v29.248h5.504v-19.11l11.75 19.11h5.875v-29.248h-5.413v19.531z",
          "M999.073 992.32h14.572v-4.976h-14.572v-6.416h15.682v-4.976h-21.603v29.248h22.204v-4.976h-16.283v-7.905z",
          "M1132.109 987.485h-11.518v-11.533h-5.873v29.248h5.873v-12.787h11.518v12.787h5.875v-29.248h-5.875v11.533z",
          "M1187.295 992.32h14.618v-4.976h-14.618v-6.416h15.728v-4.976h-21.603v29.248h22.157v-4.976h-16.282v-7.905z",
          "M1262.14 992.322c5.087-0.79 7.678-3.487 7.678-8.137 0.148-1.243-0.040-2.505-0.545-3.65-0.505-1.147-1.307-2.134-2.324-2.86-2.648-1.331-5.603-1.924-8.558-1.721h-12.396v29.248h5.875v-12.229h1.156c1.253-0.077 2.505 0.146 3.653 0.651 0.859 0.53 1.574 1.264 2.083 2.139l6.384 9.3h7.031l-3.562-5.72c-1.574-2.823-3.794-5.23-6.475-7.022v0zM1256.218 988.277h-4.347v-7.347h4.624c2.015-0.163 4.043 0.073 5.968 0.697 0.428 0.379 0.764 0.848 0.987 1.375s0.324 1.097 0.298 1.669c-0.027 0.571-0.181 1.13-0.452 1.633s-0.651 0.94-1.112 1.275c-1.931 0.592-3.953 0.828-5.968 0.699v0z",
          "M1318.576 992.32h14.57v-4.976h-14.57v-6.416h15.728v-4.976h-21.648v29.248h22.203v-4.976h-16.282v-7.905z"
        ],
        "attrs": [
          {
            "fill": "rgb(142, 143, 153)"
          },
          {
            "fill": "rgb(142, 143, 153)"
          },
          {
            "fill": "rgb(142, 143, 153)"
          },
          {
            "fill": "rgb(142, 143, 153)"
          },
          {
            "fill": "rgb(142, 143, 153)"
          },
          {
            "fill": "rgb(142, 143, 153)"
          },
          {
            "fill": "rgb(142, 143, 153)"
          },
          {
            "fill": "rgb(142, 143, 153)"
          },
          {
            "fill": "rgb(142, 143, 153)"
          },
          {
            "fill": "rgb(142, 143, 153)"
          },
          {
            "fill": "rgb(142, 143, 153)"
          },
          {
            "fill": "rgb(142, 143, 153)"
          },
          {
            "fill": "rgb(142, 143, 153)"
          },
          {
            "fill": "rgb(142, 143, 153)"
          },
          {
            "fill": "rgb(142, 143, 153)"
          },
          {
            "fill": "rgb(142, 143, 153)"
          },
          {
            "fill": "rgb(142, 143, 153)"
          },
          {
            "fill": "rgb(142, 143, 153)"
          },
          {
            "fill": "rgb(142, 143, 153)"
          }
        ],
        "width": 1902,
        "isMulticolor": false,
        "isMulticolor2": false,
        "grid": 0,
        "tags": [
          "company_2"
        ],
        "colorPermutations": {
          "14214315312442442531464766177902291": [
            {
              "f": 1
            },
            {
              "f": 1
            },
            {
              "f": 1
            },
            {
              "f": 1
            },
            {
              "f": 1
            },
            {
              "f": 1
            },
            {
              "f": 1
            },
            {
              "f": 1
            },
            {
              "f": 1
            },
            {
              "f": 1
            },
            {
              "f": 1
            },
            {
              "f": 1
            },
            {
              "f": 1
            },
            {
              "f": 1
            },
            {
              "f": 1
            },
            {
              "f": 1
            },
            {
              "f": 1
            },
            {
              "f": 1
            },
            {
              "f": 1
            }
          ]
        }
      },
      "attrs": [
        {
          "fill": "rgb(142, 143, 153)"
        },
        {
          "fill": "rgb(142, 143, 153)"
        },
        {
          "fill": "rgb(142, 143, 153)"
        },
        {
          "fill": "rgb(142, 143, 153)"
        },
        {
          "fill": "rgb(142, 143, 153)"
        },
        {
          "fill": "rgb(142, 143, 153)"
        },
        {
          "fill": "rgb(142, 143, 153)"
        },
        {
          "fill": "rgb(142, 143, 153)"
        },
        {
          "fill": "rgb(142, 143, 153)"
        },
        {
          "fill": "rgb(142, 143, 153)"
        },
        {
          "fill": "rgb(142, 143, 153)"
        },
        {
          "fill": "rgb(142, 143, 153)"
        },
        {
          "fill": "rgb(142, 143, 153)"
        },
        {
          "fill": "rgb(142, 143, 153)"
        },
        {
          "fill": "rgb(142, 143, 153)"
        },
        {
          "fill": "rgb(142, 143, 153)"
        },
        {
          "fill": "rgb(142, 143, 153)"
        },
        {
          "fill": "rgb(142, 143, 153)"
        },
        {
          "fill": "rgb(142, 143, 153)"
        }
      ],
      "properties": {
        "order": 59,
        "id": 9,
        "name": "company_2",
        "prevSize": 32
      },
      "setIdx": 3,
      "setId": 2,
      "iconIdx": 4
    },
    {
      "icon": {
        "paths": [
          "M673.093 900.083c0.294 0.005 0.585 0.064 0.854 0.166 0.269 0.104 0.51 0.252 0.711 0.437l4.037 3.796c-3.134 3.072-7.007 5.528-11.357 7.203-5.091 1.827-10.58 2.708-16.101 2.587-5.188 0.091-10.342-0.731-15.142-2.416-4.33-1.547-8.219-3.871-11.408-6.815-3.251-3.054-5.758-6.63-7.369-10.523-1.763-4.339-2.635-8.907-2.573-13.5-0.073-4.623 0.869-9.218 2.776-13.544 1.763-3.917 4.423-7.495 7.823-10.523 3.447-2.971 7.57-5.305 12.114-6.859 4.972-1.646 10.266-2.467 15.598-2.416 4.952-0.102 9.878 0.645 14.486 2.2 3.997 1.483 7.667 3.54 10.853 6.082l-3.383 4.054c-0.234 0.285-0.523 0.534-0.858 0.733-0.399 0.234-0.881 0.342-1.362 0.304-0.525-0.031-1.029-0.181-1.465-0.432l-1.818-1.079-2.523-1.381c-1.090-0.512-2.22-0.958-3.381-1.337-1.498-0.457-3.034-0.819-4.593-1.079-1.98-0.311-3.994-0.455-6.007-0.432-3.84-0.040-7.649 0.576-11.205 1.812-3.317 1.145-6.31 2.88-8.783 5.089-2.516 2.35-4.456 5.107-5.703 8.11-1.423 3.434-2.123 7.055-2.070 10.697-0.060 3.697 0.64 7.376 2.070 10.869 1.231 2.975 3.134 5.716 5.603 8.066 2.311 2.191 5.177 3.9 8.379 5.003 3.295 1.167 6.832 1.754 10.397 1.726 2.061 0.026 4.12-0.090 6.159-0.346 3.328-0.347 6.521-1.335 9.339-2.891 1.412-0.795 2.747-1.69 3.986-2.673 0.519-0.422 1.201-0.669 1.918-0.689v0z",
          "M789.689 881.011c0.064 4.575-0.861 9.123-2.725 13.413-1.646 3.891-4.237 7.44-7.603 10.416-3.368 2.973-7.433 5.303-11.931 6.837-9.882 3.22-20.805 3.22-30.687 0-4.469-1.558-8.508-3.893-11.862-6.859-3.365-3.026-5.976-6.607-7.673-10.523-3.635-8.686-3.635-18.181 0-26.869 1.723-3.917 4.328-7.508 7.673-10.565 3.381-2.873 7.419-5.118 11.862-6.599 9.869-3.279 20.818-3.279 30.687 0 4.484 1.556 8.541 3.891 11.913 6.857 3.323 2.999 5.914 6.532 7.621 10.394 1.869 4.319 2.794 8.896 2.725 13.5zM779.090 881.011c0.079-3.661-0.571-7.307-1.918-10.783-1.132-2.977-2.97-5.722-5.402-8.064-2.366-2.216-5.281-3.955-8.53-5.089-7.181-2.359-15.13-2.359-22.309 0-3.251 1.134-6.164 2.873-8.53 5.089-2.465 2.328-4.323 5.076-5.451 8.064-2.569 7.022-2.569 14.544 0 21.564 1.139 2.984 2.995 5.731 5.451 8.066 2.37 2.203 5.283 3.926 8.53 5.047 7.192 2.297 15.115 2.297 22.309 0 3.248-1.121 6.16-2.843 8.53-5.047 2.421-2.348 4.259-5.093 5.402-8.066 1.355-3.474 2.002-7.12 1.918-10.781v0z",
          "M869.239 892.319l1.059 2.416c0.404-0.863 0.757-1.638 1.161-2.416 0.386-0.81 0.823-1.602 1.313-2.372l25.792-40.062c0.505-0.689 0.96-1.121 1.465-1.251 0.686-0.177 1.403-0.251 2.119-0.216h7.621v65.161h-9.035v-47.91c0-0.603 0-1.295 0-2.028-0.049-0.746-0.049-1.496 0-2.242l-25.944 40.622c-0.329 0.609-0.856 1.125-1.52 1.483-0.662 0.36-1.432 0.549-2.216 0.545h-1.463c-0.786 0.009-1.558-0.177-2.222-0.538s-1.19-0.878-1.514-1.49l-26.701-40.88c0 0.775 0 1.552 0 2.328 0 0.777 0 1.467 0 2.070v47.91h-8.731v-65.031h7.621c0.715-0.035 1.434 0.038 2.119 0.216 0.625 0.265 1.125 0.708 1.413 1.251l26.348 40.106c0.517 0.741 0.956 1.52 1.313 2.328v0z",
          "M966.303 889.083v24.406h-10.096v-65.072h22.512c4.25-0.069 8.486 0.41 12.568 1.423 3.268 0.792 6.298 2.174 8.885 4.054 2.242 1.763 3.97 3.948 5.047 6.382 1.192 2.655 1.774 5.48 1.715 8.324 0.046 2.854-0.591 5.685-1.867 8.322-1.212 2.498-3.077 4.725-5.451 6.512-2.589 1.958-5.634 3.429-8.934 4.314-3.93 1.072-8.040 1.582-12.164 1.509l-12.215-0.172zM966.303 882.096h12.215c2.653 0.029 5.294-0.305 7.823-0.991 2.086-0.6 4.010-1.554 5.654-2.803 1.516-1.194 2.69-2.668 3.432-4.312 0.827-1.739 1.238-3.6 1.211-5.477 0.119-1.81-0.227-3.619-1.011-5.301-0.784-1.684-1.989-3.2-3.531-4.445-3.856-2.573-8.7-3.818-13.577-3.493h-12.215v26.821z",
          "M1101.979 913.578h-7.976c-0.799 0.026-1.585-0.188-2.22-0.605-0.572-0.406-1.022-0.923-1.313-1.509l-6.864-15.742h-34.474l-7.117 15.742c-0.261 0.576-0.697 1.081-1.262 1.467-0.642 0.441-1.448 0.671-2.271 0.647h-7.976l30.285-65.167h10.5l30.689 65.167zM1052.008 889.382h28.469l-12.014-26.523c-0.918-1.995-1.677-4.041-2.271-6.124l-1.161 3.407c-0.353 1.035-0.757 1.984-1.11 2.759l-11.913 26.481z",
          "M1145.591 848.713c0.603 0.283 1.123 0.682 1.514 1.165l44.165 49.123c0-0.777 0-1.552 0-2.286s0-1.467 0-2.156v-46.148h9.035v65.167h-5.047c-0.717 0.018-1.428-0.115-2.070-0.388-0.624-0.311-1.172-0.722-1.615-1.209l-44.114-49.079c0.048 0.748 0.048 1.496 0 2.242 0 0.733 0 1.381 0 1.984v46.449h-9.035v-65.167h5.35c0.624-0.015 1.243 0.090 1.816 0.302v0z",
          "M1274.704 887.658v25.876h-10.096v-25.876l-27.913-39.247h9.035c0.779-0.038 1.549 0.159 2.171 0.561 0.55 0.419 1.011 0.914 1.364 1.467l17.465 25.315c0.706 1.079 1.311 2.070 1.816 3.019s0.909 1.854 1.262 2.761l1.313-2.803c0.49-1.026 1.064-2.021 1.717-2.977l17.211-25.488c0.362-0.508 0.805-0.973 1.313-1.379 0.6-0.448 1.377-0.678 2.171-0.647h9.136l-27.963 39.419z",
          "M864.241 739.054c4.39 0.474 8.832 0.863 13.325 1.207 68.107-26.030 125.722-68.635 165.645-122.489 39.921-53.853 60.381-116.566 58.818-180.299l-75.056-64.13c15.261 67.856 8.123 138.002-20.617 202.589s-77.947 121.066-142.115 163.121v0z",
          "M837.44 736.071l2.019 0.346c68.57-41.905 120.848-100.423 150.075-167.985 29.228-67.564 34.057-141.063 13.868-210.997l-106.906-91.339c43.24 75.079 60.645 159.102 50.191 242.3s-48.338 162.15-109.246 227.675v0z",
          "M1200.002 512.775c-18.163 70.027-62.274 133.182-125.784 180.091-18.549 13.775-38.555 26.046-59.763 36.656 51.716-12.987 99.249-35.948 138.937-67.112 39.687-31.163 70.468-69.698 89.968-112.633l-43.357-37.001z",
          "M1182.991 502.462l-61.731-52.743c-1.179 60.133-21.188 118.899-57.946 170.189-36.756 51.291-88.922 93.235-151.071 121.472h0.304c13.85-0.005 27.686-0.711 41.439-2.114 58.083-20.255 109.392-52.48 149.352-93.8 39.958-41.32 67.324-90.448 79.653-143.003v0z",
          "M846.374 227.579l-73.644-63.007c-65.834 21.736-122.454 59.948-162.45 109.632-39.995 49.686-61.504 108.531-61.709 168.832v0c0.247 66.633 26.496 131.291 74.593 183.742 48.097 52.453 115.295 89.701 190.956 105.851 67.544-70.31 107.088-157.189 112.889-248.015s-22.446-180.864-80.635-257.035v0z",
          "M1353.143 492.76c-0.267-79.055-37.14-154.807-102.568-210.708s-154.090-87.406-246.618-87.634v0c-42.756-0.038-85.149 6.704-125.027 19.88l450.893 385.242c15.439-34.053 23.347-70.261 23.32-106.779v0z"
        ],
        "attrs": [
          {
            "fill": "rgb(142, 143, 153)"
          },
          {
            "fill": "rgb(142, 143, 153)"
          },
          {
            "fill": "rgb(142, 143, 153)"
          },
          {
            "fill": "rgb(142, 143, 153)"
          },
          {
            "fill": "rgb(142, 143, 153)"
          },
          {
            "fill": "rgb(142, 143, 153)"
          },
          {
            "fill": "rgb(142, 143, 153)"
          },
          {
            "fill": "rgb(142, 143, 153)"
          },
          {
            "fill": "rgb(142, 143, 153)"
          },
          {
            "fill": "rgb(142, 143, 153)"
          },
          {
            "fill": "rgb(142, 143, 153)"
          },
          {
            "fill": "rgb(142, 143, 153)"
          },
          {
            "fill": "rgb(142, 143, 153)"
          }
        ],
        "width": 1902,
        "isMulticolor": false,
        "isMulticolor2": false,
        "grid": 0,
        "tags": [
          "company_3"
        ],
        "colorPermutations": {
          "14214315312442442531464766177902291": [
            {
              "f": 1
            },
            {
              "f": 1
            },
            {
              "f": 1
            },
            {
              "f": 1
            },
            {
              "f": 1
            },
            {
              "f": 1
            },
            {
              "f": 1
            },
            {
              "f": 1
            },
            {
              "f": 1
            },
            {
              "f": 1
            },
            {
              "f": 1
            },
            {
              "f": 1
            },
            {
              "f": 1
            }
          ]
        }
      },
      "attrs": [
        {
          "fill": "rgb(142, 143, 153)"
        },
        {
          "fill": "rgb(142, 143, 153)"
        },
        {
          "fill": "rgb(142, 143, 153)"
        },
        {
          "fill": "rgb(142, 143, 153)"
        },
        {
          "fill": "rgb(142, 143, 153)"
        },
        {
          "fill": "rgb(142, 143, 153)"
        },
        {
          "fill": "rgb(142, 143, 153)"
        },
        {
          "fill": "rgb(142, 143, 153)"
        },
        {
          "fill": "rgb(142, 143, 153)"
        },
        {
          "fill": "rgb(142, 143, 153)"
        },
        {
          "fill": "rgb(142, 143, 153)"
        },
        {
          "fill": "rgb(142, 143, 153)"
        },
        {
          "fill": "rgb(142, 143, 153)"
        }
      ],
      "properties": {
        "order": 60,
        "id": 8,
        "name": "company_3",
        "prevSize": 32
      },
      "setIdx": 3,
      "setId": 2,
      "iconIdx": 5
    },
    {
      "icon": {
        "paths": [
          "M440.287 393.47h-0.053c-43.622 0-78.987 31.885-78.987 71.214v0.048c0 39.329 35.365 71.212 78.987 71.212h0.053c43.622 0 78.987-31.883 78.987-71.212v-0.048c0-39.329-35.365-71.214-78.987-71.214z",
          "M1023.294 370.706c-0.123-54.629-24.243-106.988-67.081-145.62s-100.906-60.391-161.496-60.515v0c-60.608 0.099-118.702 21.848-161.562 60.482-42.862 38.636-66.995 91.008-67.12 145.653v0 301.243c0 0 457.207-45.912 457.258-301.197v-0.046z",
          "M201.143 770.821c0.11 38.011 16.901 74.437 46.707 101.319s70.203 42.033 112.36 42.145v0c42.149-0.112 82.536-15.256 112.34-42.128s46.603-63.287 46.727-101.288v0-209.611c0 0-318.135 31.971-318.135 209.563zM360.21 808.379c-8.24 0-16.293-2.203-23.142-6.331-6.85-4.125-12.189-9.991-15.342-16.854s-3.977-14.415-2.37-21.7c1.607-7.285 5.573-13.976 11.399-19.229 5.826-5.252 13.248-8.828 21.328-10.278 8.080-1.448 16.455-0.704 24.066 2.138 7.612 2.843 14.117 7.656 18.693 13.833 4.577 6.175 7.020 13.436 7.020 20.864 0.022 4.944-1.040 9.843-3.125 14.416-2.085 4.571-5.149 8.73-9.019 12.231-3.871 3.502-8.47 6.281-13.533 8.177s-10.494 2.873-15.976 2.873v-0.141z",
          "M651.134 740.846v78h-16.071v-78h16.071zM682.205 774.168v12.535h-35.463v-12.535h35.463zM685.956 740.846v12.59h-39.214v-12.59h39.214zM759.349 778.024v3.697c0 5.928-0.805 11.249-2.412 15.963s-3.875 8.733-6.804 12.054c-2.928 3.286-6.427 5.804-10.5 7.554-4.036 1.75-8.517 2.624-13.445 2.624-4.893 0-9.375-0.874-13.447-2.624-4.036-1.75-7.536-4.268-10.5-7.554-2.964-3.321-5.268-7.34-6.91-12.054-1.607-4.714-2.412-10.035-2.412-15.963v-3.697c0-5.965 0.805-11.286 2.412-15.963 1.607-4.714 3.875-8.733 6.802-12.054 2.966-3.321 6.466-5.857 10.501-7.607 4.070-1.75 8.552-2.626 13.445-2.626 4.93 0 9.412 0.876 13.447 2.626 4.070 1.75 7.57 4.286 10.5 7.607 2.964 3.321 5.25 7.34 6.857 12.054 1.642 4.677 2.465 9.999 2.465 15.963zM743.117 781.722v-3.803c0-4.144-0.375-7.786-1.126-10.929-0.75-3.143-1.856-5.786-3.321-7.929s-3.249-3.75-5.358-4.822c-2.107-1.106-4.517-1.66-7.232-1.66-2.714 0-5.125 0.554-7.232 1.66-2.072 1.072-3.838 2.679-5.303 4.822-1.43 2.143-2.518 4.785-3.268 7.929-0.752 3.143-1.126 6.786-1.126 10.929v3.803c0 4.107 0.375 7.749 1.126 10.928 0.75 3.143 1.856 5.804 3.321 7.982 1.465 2.143 3.249 3.769 5.358 4.875 2.107 1.108 4.517 1.662 7.232 1.662 2.714 0 5.125-0.554 7.232-1.662 2.107-1.106 3.875-2.732 5.303-4.875 1.43-2.178 2.518-4.838 3.268-7.982 0.752-3.178 1.126-6.821 1.126-10.928zM811.527 798.435c0-1.392-0.214-2.642-0.644-3.749-0.393-1.143-1.143-2.18-2.249-3.109-1.108-0.964-2.661-1.911-4.661-2.838-2-0.929-4.59-1.894-7.768-2.893-3.536-1.143-6.894-2.43-10.072-3.858-3.143-1.428-5.928-3.088-8.357-4.981-2.394-1.929-4.286-4.162-5.68-6.698-1.357-2.534-2.035-5.482-2.035-8.839 0-3.249 0.715-6.195 2.143-8.839 1.428-2.677 3.429-4.963 6-6.857 2.571-1.927 5.606-3.41 9.108-4.445 3.535-1.037 7.409-1.554 11.624-1.554 5.749 0 10.768 1.037 15.053 3.107 4.286 2.072 7.609 4.912 9.966 8.519 2.392 3.606 3.588 7.731 3.588 12.374h-15.963c0-2.286-0.483-4.286-1.446-6-0.929-1.75-2.357-3.125-4.286-4.125-1.893-1-4.286-1.499-7.179-1.499-2.785 0-5.107 0.428-6.963 1.285-1.858 0.821-3.249 1.946-4.178 3.376-0.929 1.392-1.393 2.964-1.393 4.714 0 1.32 0.322 2.518 0.964 3.589 0.678 1.072 1.679 2.070 3.001 2.999s2.946 1.805 4.875 2.626c1.929 0.821 4.16 1.624 6.696 2.41 4.25 1.285 7.982 2.732 11.196 4.339 3.249 1.607 5.965 3.41 8.143 5.411 2.18 2 3.822 4.268 4.93 6.804 1.106 2.536 1.66 5.411 1.66 8.625 0 3.392-0.662 6.427-1.982 9.106-1.322 2.679-3.233 4.946-5.733 6.804-2.5 1.856-5.482 3.268-8.947 4.231-3.463 0.965-7.338 1.446-11.624 1.446-3.856 0-7.66-0.499-11.41-1.499-3.75-1.035-7.161-2.589-10.233-4.661-3.035-2.072-5.464-4.714-7.285-7.929s-2.732-7.018-2.732-11.41h16.124c0 2.428 0.375 4.482 1.125 6.16s1.803 3.035 3.162 4.072c1.392 1.035 3.035 1.785 4.928 2.249 1.929 0.464 4.036 0.697 6.321 0.697 2.785 0 5.071-0.393 6.857-1.178 1.821-0.786 3.162-1.876 4.017-3.269 0.894-1.392 1.34-2.964 1.34-4.714zM873.403 740.846v78h-16.018v-78h16.018zM897.403 740.846v12.59h-63.643v-12.59h63.643zM958.901 806.31v12.535h-41.518v-12.535h41.518zM922.633 740.846v78h-16.071v-78h16.071zM953.49 772.613v12.215h-36.107v-12.215h36.107zM958.848 740.846v12.59h-41.465v-12.59h41.465zM968.276 740.846h29.091c5.963 0 11.088 0.892 15.375 2.679 4.321 1.787 7.642 4.429 9.964 7.929s3.482 7.804 3.482 12.91c0 4.18-0.713 7.77-2.143 10.768-1.392 2.964-3.374 5.447-5.947 7.446-2.534 1.966-5.517 3.536-8.945 4.716l-5.089 2.677h-25.285l-0.108-12.535h18.803c2.821 0 5.16-0.501 7.018-1.499 1.858-1 3.249-2.394 4.178-4.18 0.965-1.785 1.446-3.856 1.446-6.213 0-2.5-0.464-4.661-1.392-6.482-0.929-1.821-2.341-3.215-4.233-4.178s-4.268-1.446-7.124-1.446h-13.019v65.41h-16.071v-78zM1011.884 818.845l-17.787-34.767 16.984-0.108 17.999 34.125v0.75h-17.196zM1096.26 791.042h-19.877v-12.535h19.877c3.070 0 5.57-0.501 7.499-1.499 1.929-1.037 3.339-2.465 4.233-4.286 0.892-1.821 1.339-3.875 1.339-6.16 0-2.322-0.446-4.484-1.339-6.482-0.894-2-2.304-3.608-4.233-4.822s-4.429-1.821-7.499-1.821h-14.305v65.41h-16.071v-78h30.376c6.106 0 11.339 1.108 15.696 3.323 4.392 2.178 7.749 5.195 10.070 9.053 2.322 3.856 3.483 8.267 3.483 13.232 0 5.036-1.161 9.393-3.483 13.071-2.32 3.679-5.678 6.519-10.070 8.519-4.357 1.999-9.591 2.999-15.696 2.999zM1188.937 806.31v12.535h-41.518v-12.535h41.518zM1152.669 740.846v78h-16.071v-78h16.071zM1183.526 772.613v12.215h-36.107v-12.215h36.107zM1188.884 740.846v12.59h-41.465v-12.59h41.465zM1234.258 740.846v78h-16.016v-78h16.016zM1258.258 740.846v12.59h-63.642v-12.59h63.642zM1319.759 806.31v12.535h-41.518v-12.535h41.518zM1283.491 740.846v78h-16.071v-78h16.071zM1314.348 772.613v12.215h-36.107v-12.215h36.107zM1319.706 740.846v12.59h-41.465v-12.59h41.465zM1329.134 740.846h29.089c5.965 0 11.090 0.892 15.376 2.679 4.321 1.787 7.642 4.429 9.964 7.929 2.32 3.5 3.482 7.804 3.482 12.91 0 4.18-0.715 7.77-2.143 10.768-1.393 2.964-3.376 5.447-5.947 7.446-2.536 1.966-5.517 3.536-8.945 4.716l-5.091 2.677h-25.285l-0.106-12.535h18.803c2.821 0 5.16-0.501 7.018-1.499 1.856-1 3.249-2.394 4.178-4.18 0.964-1.785 1.446-3.856 1.446-6.213 0-2.5-0.464-4.661-1.393-6.482s-2.339-3.215-4.231-4.178c-1.893-0.964-4.268-1.446-7.126-1.446h-13.018v65.41h-16.071v-78zM1372.741 818.845l-17.787-34.767 16.982-0.108 18 34.125v0.75h-17.196zM1440.027 798.435c0-1.392-0.216-2.642-0.644-3.749-0.393-1.143-1.143-2.18-2.249-3.109-1.108-0.964-2.661-1.911-4.661-2.838-2-0.929-4.59-1.894-7.768-2.893-3.536-1.143-6.894-2.43-10.072-3.858-3.143-1.428-5.928-3.088-8.357-4.981-2.394-1.929-4.286-4.162-5.68-6.698-1.357-2.534-2.035-5.482-2.035-8.839 0-3.249 0.713-6.195 2.143-8.839 1.428-2.677 3.429-4.963 6-6.857 2.571-1.927 5.606-3.41 9.106-4.445 3.536-1.037 7.411-1.554 11.626-1.554 5.749 0 10.768 1.037 15.053 3.107 4.286 2.072 7.607 4.912 9.966 8.519 2.392 3.606 3.588 7.731 3.588 12.374h-15.963c0-2.286-0.483-4.286-1.446-6-0.929-1.75-2.357-3.125-4.286-4.125-1.893-1-4.286-1.499-7.179-1.499-2.785 0-5.107 0.428-6.963 1.285-1.858 0.821-3.251 1.946-4.178 3.376-0.929 1.392-1.393 2.964-1.393 4.714 0 1.32 0.322 2.518 0.964 3.589 0.678 1.072 1.679 2.070 3.001 2.999s2.946 1.805 4.875 2.626c1.929 0.821 4.16 1.624 6.696 2.41 4.25 1.285 7.982 2.732 11.196 4.339 3.249 1.607 5.965 3.41 8.143 5.411 2.18 2 3.822 4.268 4.93 6.804 1.106 2.536 1.66 5.411 1.66 8.625 0 3.392-0.662 6.427-1.982 9.106-1.322 2.679-3.233 4.946-5.733 6.804-2.5 1.856-5.482 3.268-8.947 4.231-3.463 0.965-7.338 1.446-11.624 1.446-3.856 0-7.66-0.499-11.41-1.499-3.75-1.035-7.161-2.589-10.233-4.661-3.035-2.072-5.464-4.714-7.285-7.929s-2.732-7.018-2.732-11.41h16.124c0 2.428 0.375 4.482 1.125 6.16s1.803 3.035 3.162 4.072c1.392 1.035 3.035 1.785 4.928 2.249 1.929 0.464 4.036 0.697 6.321 0.697 2.785 0 5.071-0.393 6.857-1.178 1.821-0.786 3.16-1.876 4.017-3.269 0.894-1.392 1.34-2.964 1.34-4.714z"
        ],
        "attrs": [
          {
            "fill": "rgb(142, 143, 153)"
          },
          {
            "fill": "rgb(142, 143, 153)"
          },
          {
            "fill": "rgb(142, 143, 153)"
          },
          {
            "fill": "rgb(142, 143, 153)"
          }
        ],
        "width": 1902,
        "isMulticolor": false,
        "isMulticolor2": false,
        "grid": 0,
        "tags": [
          "company_4"
        ],
        "colorPermutations": {
          "14214315312442442531464766177902291": [
            {
              "f": 1
            },
            {
              "f": 1
            },
            {
              "f": 1
            },
            {
              "f": 1
            }
          ]
        }
      },
      "attrs": [
        {
          "fill": "rgb(142, 143, 153)"
        },
        {
          "fill": "rgb(142, 143, 153)"
        },
        {
          "fill": "rgb(142, 143, 153)"
        },
        {
          "fill": "rgb(142, 143, 153)"
        }
      ],
      "properties": {
        "order": 61,
        "id": 7,
        "name": "company_4",
        "prevSize": 32
      },
      "setIdx": 3,
      "setId": 2,
      "iconIdx": 6
    },
    {
      "icon": {
        "paths": [
          "M489.909 811.392c4.489 5.001 6.879 11.266 6.755 17.695 0.229 4.193-0.594 8.379-2.405 12.248-1.812 3.869-4.568 7.322-8.062 10.103-8.72 5.928-19.522 8.827-30.426 8.161h-53.486v-112.135h52.39c10.342-0.618 20.603 2.015 29.027 7.451 3.383 2.549 6.062 5.771 7.826 9.412 1.763 3.641 2.562 7.601 2.335 11.568 0.307 6.186-1.851 12.268-6.085 17.147-4.065 4.456-9.682 7.545-15.941 8.766 7.095 1.165 13.5 4.562 18.072 9.585v0zM427.173 794.465h22.393c5.089 0.34 10.145-0.984 14.239-3.725 1.682-1.371 2.99-3.074 3.824-4.974s1.17-3.946 0.984-5.981c0.157-2.030-0.187-4.065-1.006-5.959-0.821-1.894-2.099-3.6-3.741-4.997-4.217-2.82-9.428-4.162-14.663-3.78h-22.029v29.416zM465.995 837.467c1.797-1.404 3.209-3.162 4.129-5.138 0.918-1.977 1.317-4.118 1.165-6.256 0.137-2.163-0.28-4.325-1.22-6.32-0.938-1.995-2.373-3.769-4.197-5.184-4.379-2.924-9.768-4.359-15.212-4.054h-23.488v30.841h23.793c5.354 0.278 10.655-1.093 15.029-3.889v0z",
          "M597.005 859.599l-29.147-43.824h-10.953v43.824h-25.070v-112.135h47.462c11.964-0.752 23.792 2.661 33.042 9.532 6.634 6.085 10.635 14.106 11.282 22.612 0.647 8.508-2.103 16.944-7.753 23.788-5.857 6.038-13.855 10.064-22.636 11.394l31.033 44.809h-27.26zM556.904 800.492h20.507c14.237 0 21.358-5.661 21.358-16.982 0.144-2.313-0.245-4.626-1.147-6.795-0.9-2.169-2.293-4.145-4.087-5.806-4.5-3.368-10.295-5.003-16.124-4.546h-20.751l0.243 34.128z",
          "M734.036 837.032h-49.957l-8.825 22.568h-26.286l45.881-110.875h28.416l45.698 110.875h-26.288l-8.64-22.568zM727.344 820.050l-18.256-47.331-18.255 47.331h36.511z",
          "M905.571 859.6h-24.887l-55.799-76.255v76.255h-24.827v-112.135h24.827l55.799 76.692v-76.692h24.887v112.135z",
          "M1047.594 832.759c-5.146 8.466-12.987 15.353-22.515 19.774-10.832 4.926-22.855 7.355-34.988 7.067h-44.299v-112.135h44.299c12.111-0.285 24.119 2.085 34.988 6.903 9.527 4.321 17.375 11.14 22.515 19.557 5.122 9.119 7.792 19.196 7.792 29.416s-2.67 20.297-7.792 29.418v0zM1019.116 830.075c7.102-7.45 11.008-16.944 11.008-26.761s-3.906-19.31-11.008-26.759c-8.585-6.747-19.781-10.174-31.155-9.532h-17.28v72.583h17.28c11.374 0.642 22.57-2.783 31.155-9.531z",
          "M749.614 123.734c0 0 321.223 109.178 314.408 267.165v267.218c0 0-320.98-109.232-314.286-267.218l-0.123-267.165z",
          "M1350.197 595.555c60.665-37.586 130.838-60.866 204.089-67.708v-83.65c-84.403 29.285-156.003 82.386-204.089 151.358v0z",
          "M1313.748 620.76c49.655-90.011 135.735-159.47 240.538-194.088v-241.033c0 0-457.467 155.522-447.792 380.504v380.451c0 0 20.385-6.958 52.453-19.995 0-12.16 0-24.432 1.461-36.758 9.468-104.448 64.624-201.234 153.34-269.080v0z",
          "M1270.241 762.092c2.405-26.384 7.766-52.484 16.004-77.897-55.241 58.591-88.695 131.295-95.654 207.89-0.669 7.232-1.035 14.462-1.218 21.914 25.984-11.231 56.225-25.254 87.989-41.743-8.106-36.239-10.503-73.324-7.12-110.164v0z",
          "M1288.433 763.463c-3.045 33.329-1.141 66.876 5.659 99.754 124.985-67.324 265.424-171.354 260.010-297.073v-10.957c-89.296 8.995-172.842 44.138-237.8 100.030-15.208 34.635-24.602 71.117-27.869 108.246v0z"
        ],
        "attrs": [
          {
            "fill": "rgb(142, 143, 153)"
          },
          {
            "fill": "rgb(142, 143, 153)"
          },
          {
            "fill": "rgb(142, 143, 153)"
          },
          {
            "fill": "rgb(142, 143, 153)"
          },
          {
            "fill": "rgb(142, 143, 153)"
          },
          {
            "fill": "rgb(142, 143, 153)"
          },
          {
            "fill": "rgb(142, 143, 153)"
          },
          {
            "fill": "rgb(142, 143, 153)"
          },
          {
            "fill": "rgb(142, 143, 153)"
          },
          {
            "fill": "rgb(142, 143, 153)"
          }
        ],
        "width": 1902,
        "isMulticolor": false,
        "isMulticolor2": false,
        "grid": 0,
        "tags": [
          "company_5"
        ],
        "colorPermutations": {
          "14214315312442442531464766177902291": [
            {
              "f": 1
            },
            {
              "f": 1
            },
            {
              "f": 1
            },
            {
              "f": 1
            },
            {
              "f": 1
            },
            {
              "f": 1
            },
            {
              "f": 1
            },
            {
              "f": 1
            },
            {
              "f": 1
            },
            {
              "f": 1
            }
          ]
        }
      },
      "attrs": [
        {
          "fill": "rgb(142, 143, 153)"
        },
        {
          "fill": "rgb(142, 143, 153)"
        },
        {
          "fill": "rgb(142, 143, 153)"
        },
        {
          "fill": "rgb(142, 143, 153)"
        },
        {
          "fill": "rgb(142, 143, 153)"
        },
        {
          "fill": "rgb(142, 143, 153)"
        },
        {
          "fill": "rgb(142, 143, 153)"
        },
        {
          "fill": "rgb(142, 143, 153)"
        },
        {
          "fill": "rgb(142, 143, 153)"
        },
        {
          "fill": "rgb(142, 143, 153)"
        }
      ],
      "properties": {
        "order": 62,
        "id": 6,
        "name": "company_5",
        "prevSize": 32
      },
      "setIdx": 3,
      "setId": 2,
      "iconIdx": 7
    },
    {
      "icon": {
        "paths": [
          "M978.821 501.82c-8.119-10.805-12.003-23.572-11.081-36.425v-52.811c0-16.188 3.674-28.491 11.019-36.908 7.347-8.417 19.964-12.606 37.853-12.571 16.81 0 28.743 3.582 35.798 10.745 7.696 9.139 11.441 20.317 10.584 31.59v12.411h-30.071v-12.571c0.108-4.116-0.185-8.23-0.87-12.303-0.433-2.785-1.947-5.361-4.295-7.307-3.088-2.097-6.978-3.114-10.896-2.847-4.12-0.265-8.205 0.806-11.454 3.008-2.62 2.156-4.367 4.981-4.981 8.059-0.863 4.31-1.258 8.68-1.183 13.054v64.093c-0.474 6.182 0.852 12.37 3.86 17.997 1.496 1.905 3.573 3.414 6.001 4.363 2.428 0.947 5.113 1.298 7.757 1.009 3.853 0.274 7.675-0.768 10.646-2.9 2.45-2.099 4.027-4.837 4.484-7.79 0.702-4.253 1.015-8.547 0.933-12.84v-13.001h30.071v11.873c0.845 11.75-2.809 23.417-10.397 33.201-6.91 7.843-18.677 11.765-35.984 11.765s-30.382-4.189-37.791-12.893z",
          "M1104.024 502.358c-7.594-8.219-11.392-20.2-11.392-36.048v-55.552c0-15.687 3.798-27.56 11.392-35.619 7.596-8.059 20.297-12.069 38.102-12.034 17.68 0 30.32 4.012 37.914 12.034 7.596 8.059 11.456 19.931 11.456 35.619v55.552c0 15.687-3.86 27.721-11.58 35.994-7.72 8.274-20.295 12.411-37.789 12.411s-30.444-4.189-38.102-12.356zM1156.133 489.033c2.721-5.147 3.959-10.789 3.611-16.439v-68.014c0.349-5.542-0.869-11.074-3.549-16.117-1.525-1.946-3.653-3.48-6.14-4.429-2.489-0.951-5.235-1.278-7.929-0.944-2.701-0.325-5.455 0.005-7.951 0.955s-4.635 2.478-6.182 4.418c-2.737 5.029-3.979 10.569-3.61 16.117v68.336c-0.379 5.654 0.861 11.299 3.61 16.441 1.754 1.732 3.917 3.121 6.343 4.074 2.427 0.951 5.061 1.443 7.728 1.443s5.301-0.492 7.728-1.443c2.427-0.953 4.59-2.342 6.341-4.074v-0.324z",
          "M1227.663 364.727h32.375l24.342 102.495 24.903-102.495h31.503l3.174 147.941h-23.285l-2.489-102.817-24.033 102.817h-18.677l-24.903-103.194-2.302 103.194h-23.534l2.926-147.941z",
          "M1380.259 364.727h50.427c29.054 0 43.58 14.003 43.58 42.008 0 26.823-15.294 40.218-45.883 40.181h-17.183v65.752h-31.128l0.187-147.941zM1423.34 427.953c3.076 0.336 6.199 0.093 9.156-0.713 2.955-0.806 5.674-2.158 7.965-3.961 3.569-4.996 5.144-10.864 4.482-16.706 0.163-4.513-0.338-9.026-1.494-13.429-0.444-1.472-1.223-2.851-2.291-4.059-1.070-1.209-2.406-2.22-3.935-2.979-4.321-1.788-9.097-2.6-13.883-2.363h-12.078v44.209h12.078z",
          "M1519.153 364.727h33.432l34.304 147.941h-29.012l-6.786-34.112h-29.82l-6.972 34.112h-29.447l34.302-147.941zM1547.73 461.42l-11.643-62.098-11.643 62.098h23.285z",
          "M1614.594 364.727h21.789l41.713 84.392v-84.392h25.836v147.941h-20.731l-41.962-88.099v88.099h-26.708l0.062-147.941z",
          "M1764.447 456.258l-34.677-91.324h29.199l21.168 58.662 19.86-58.662h28.575l-34.242 91.324v56.406h-29.883v-56.406z",
          "M1026.887 577.346v7.737h-25.401v60.114h-10.646v-60.114h-25.527v-7.737h61.573z",
          "M1106.511 645.2h-8.218c-0.834 0.046-1.659-0.185-2.304-0.644-0.622-0.393-1.097-0.934-1.37-1.558l-7.345-16.115h-35.238l-7.347 16.115c-0.208 0.675-0.591 1.298-1.119 1.827-0.653 0.45-1.472 0.678-2.304 0.644h-8.218l31.128-67.847h10.832l31.503 67.579zM1054.961 620.006h29.387l-12.453-27.611c-0.918-2.088-1.688-4.222-2.304-6.393-0.435 1.289-0.808 2.525-1.183 3.6l-1.119 2.847-12.328 27.557z",
          "M1160.177 638.541c1.949 0.088 3.902 0.088 5.851 0 1.684-0.15 3.35-0.421 4.981-0.806 1.525-0.324 3.023-0.735 4.484-1.236 1.37-0.483 2.739-1.073 4.171-1.666v-15.258h-12.453c-0.307 0.015-0.616-0.026-0.905-0.117-0.289-0.093-0.552-0.236-0.775-0.421-0.205-0.152-0.366-0.342-0.474-0.556s-0.159-0.446-0.148-0.68v-5.211h24.155v26.004c-1.971 1.218-4.054 2.295-6.226 3.224-2.22 0.945-4.533 1.719-6.91 2.309-2.545 0.647-5.149 1.114-7.782 1.397-3.019 0.289-6.053 0.433-9.090 0.43-5.369 0.040-10.697-0.817-15.689-2.525-4.661-1.616-8.896-4.028-12.451-7.091-3.467-3.094-6.195-6.744-8.031-10.745-1.962-4.498-2.933-9.273-2.864-14.076-0.066-4.837 0.883-9.64 2.801-14.184 1.79-4.021 4.524-7.68 8.031-10.745 3.553-3.054 7.79-5.447 12.451-7.038 5.332-1.732 10.99-2.587 16.686-2.525 2.898-0.004 5.791 0.194 8.653 0.591 2.531 0.355 5.014 0.931 7.409 1.719 2.178 0.706 4.264 1.605 6.226 2.686 1.907 1.061 3.719 2.245 5.416 3.546l-2.988 4.191c-0.234 0.382-0.583 0.704-1.011 0.931-0.426 0.227-0.916 0.351-1.417 0.358-0.689-0.018-1.359-0.205-1.931-0.538-0.933-0.43-1.929-0.965-3.050-1.611-1.324-0.717-2.719-1.328-4.171-1.827-1.856-0.642-3.772-1.147-5.729-1.505-2.608-0.413-5.255-0.613-7.907-0.591-4.107-0.038-8.185 0.6-12.016 1.88-3.463 1.2-6.587 3.034-9.15 5.374-2.58 2.439-4.551 5.31-5.791 8.435-2.781 7.347-2.781 15.269 0 22.618 1.362 3.191 3.483 6.102 6.226 8.543 2.553 2.328 5.652 4.16 9.090 5.372 3.959 1.172 8.154 1.631 12.326 1.344v0z",
          "M1259.418 637.46h33.993v7.737h-44.39v-67.851h10.646l-0.249 60.114z",
          "M1328.772 645.197h-10.646v-67.851h10.646v67.851z",
          "M1368.366 577.669c0.633 0.311 1.185 0.731 1.62 1.236l45.508 51.145c-0.060-0.805-0.060-1.613 0-2.417 0-0.752 0-1.505 0-2.203v-48.351h9.276v68.123h-5.354c-0.792 0.055-1.589-0.075-2.302-0.377-0.647-0.338-1.216-0.775-1.682-1.289l-45.445-51.092c0 0.805 0 1.558 0 2.309s0 1.45 0 2.096v48.353h-8.903v-67.855h5.541c0.602 0 1.194 0.11 1.743 0.322v0z",
          "M1503.153 577.346v7.468h-37.727v22.402h30.568v7.199h-30.568v23.155h37.727v7.466h-48.684v-67.69h48.684z",
          "M387.569 158.331l472.719 115.822v405.862l-472.719-115.769v-405.915zM357.25 123.734v460.227l533.296 130.703v-460.173l-533.296-130.757z",
          "M643.072 928.305l-533.358-130.812v-460.178l533.358 130.757v460.233z",
          "M366.089 153.119l466.555 114.37-198.413 171.26-466.617-114.425 198.476-171.205zM357.248 123.734l-247.534 213.591 533.358 130.754 247.472-213.59-533.296-130.755z",
          "M673.081 902.416l217.463-187.696-217.463-53.343v241.039z"
        ],
        "attrs": [
          {
            "fill": "rgb(142, 143, 153)"
          },
          {
            "fill": "rgb(142, 143, 153)"
          },
          {
            "fill": "rgb(142, 143, 153)"
          },
          {
            "fill": "rgb(142, 143, 153)"
          },
          {
            "fill": "rgb(142, 143, 153)"
          },
          {
            "fill": "rgb(142, 143, 153)"
          },
          {
            "fill": "rgb(142, 143, 153)"
          },
          {
            "fill": "rgb(142, 143, 153)"
          },
          {
            "fill": "rgb(142, 143, 153)"
          },
          {
            "fill": "rgb(142, 143, 153)"
          },
          {
            "fill": "rgb(142, 143, 153)"
          },
          {
            "fill": "rgb(142, 143, 153)"
          },
          {
            "fill": "rgb(142, 143, 153)"
          },
          {
            "fill": "rgb(142, 143, 153)"
          },
          {
            "fill": "rgb(142, 143, 153)"
          },
          {
            "fill": "rgb(142, 143, 153)"
          },
          {
            "fill": "rgb(142, 143, 153)"
          },
          {
            "fill": "rgb(142, 143, 153)"
          }
        ],
        "width": 1902,
        "isMulticolor": false,
        "isMulticolor2": false,
        "grid": 0,
        "tags": [
          "company_6"
        ],
        "colorPermutations": {
          "14214315312442442531464766177902291": [
            {
              "f": 1
            },
            {
              "f": 1
            },
            {
              "f": 1
            },
            {
              "f": 1
            },
            {
              "f": 1
            },
            {
              "f": 1
            },
            {
              "f": 1
            },
            {
              "f": 1
            },
            {
              "f": 1
            },
            {
              "f": 1
            },
            {
              "f": 1
            },
            {
              "f": 1
            },
            {
              "f": 1
            },
            {
              "f": 1
            },
            {
              "f": 1
            },
            {
              "f": 1
            },
            {
              "f": 1
            },
            {
              "f": 1
            }
          ]
        }
      },
      "attrs": [
        {
          "fill": "rgb(142, 143, 153)"
        },
        {
          "fill": "rgb(142, 143, 153)"
        },
        {
          "fill": "rgb(142, 143, 153)"
        },
        {
          "fill": "rgb(142, 143, 153)"
        },
        {
          "fill": "rgb(142, 143, 153)"
        },
        {
          "fill": "rgb(142, 143, 153)"
        },
        {
          "fill": "rgb(142, 143, 153)"
        },
        {
          "fill": "rgb(142, 143, 153)"
        },
        {
          "fill": "rgb(142, 143, 153)"
        },
        {
          "fill": "rgb(142, 143, 153)"
        },
        {
          "fill": "rgb(142, 143, 153)"
        },
        {
          "fill": "rgb(142, 143, 153)"
        },
        {
          "fill": "rgb(142, 143, 153)"
        },
        {
          "fill": "rgb(142, 143, 153)"
        },
        {
          "fill": "rgb(142, 143, 153)"
        },
        {
          "fill": "rgb(142, 143, 153)"
        },
        {
          "fill": "rgb(142, 143, 153)"
        },
        {
          "fill": "rgb(142, 143, 153)"
        }
      ],
      "properties": {
        "order": 63,
        "id": 5,
        "name": "company_6",
        "prevSize": 32
      },
      "setIdx": 3,
      "setId": 2,
      "iconIdx": 8
    },
    {
      "icon": {
        "paths": [
          "M477.618 478.867h34.115v153.52h-34.115v-153.52z",
          "M614.078 547.098h34.115v85.29h-34.115v-85.29z",
          "M341.154 598.272h34.117v34.115h-34.117v-34.115z",
          "M238.808 581.213h34.117v51.173h-34.117v-51.173z",
          "M51.173 905.31h818.771c28.261 0 51.174-22.912 51.174-51.173v-68.23c0-28.261-22.914-51.173-51.174-51.173h-17.058v-425.386l96.891-91.786c22.488 11.085 49.707 4.355 64.424-15.958 14.726-20.306 12.661-48.267-4.88-66.191s-45.443-20.598-66.074-6.33c-20.622 14.276-27.952 41.337-17.358 64.066l-73.003 69.206v-39.355c0-28.261-22.912-51.173-51.173-51.173h-682.309c-28.26 0-51.173 22.912-51.173 51.173v511.733h-17.058c-28.26 0-51.173 22.912-51.173 51.173v68.23c0 28.261 22.913 51.173 51.173 51.173zM972.291 154.771c9.419 0 17.058 7.637 17.058 17.058 0 9.419-7.638 17.058-17.058 17.058-9.421 0-17.058-7.638-17.058-17.058 0-9.421 7.637-17.058 17.058-17.058zM102.346 223.002c0-9.419 7.638-17.058 17.058-17.058h682.309c9.419 0 17.058 7.638 17.058 17.058v71.637l-34.115 32.418v-69.939c0-9.419-7.638-17.058-17.058-17.058h-614.079c-9.42 0-17.058 7.638-17.058 17.058v426.443c0 9.421 7.638 17.058 17.058 17.058h614.079c9.419 0 17.058-7.637 17.058-17.058v-309.579l34.115-32.325v393.078h-716.425v-511.733zM255.866 444.752c-23.078-0.066-43.344 15.309-49.482 37.555-6.139 22.246 3.365 45.843 23.213 57.621 19.84 11.776 45.118 8.819 61.701-7.23l59.294 29.752c6.888 3.448 15.242 1.832 20.363-3.923l126.043-141.802 123.901 92.843c6.646 4.981 15.926 4.448 21.955-1.258l107.686-102.005v260.197h-579.963v-392.328h579.963v85.131l-120.688 114.29-124.942-93.667c-7.096-5.314-17.083-4.315-22.979 2.307l-127.774 143.766-47.768-23.888c0.35-2.048 0.566-4.114 0.651-6.189 0-28.259-22.914-51.173-51.174-51.173zM272.923 495.925c0 9.421-7.637 17.059-17.058 17.059-9.419 0-17.058-7.638-17.058-17.059 0-9.419 7.638-17.058 17.058-17.058 9.421 0 17.058 7.638 17.058 17.058zM375.27 768.85h170.578v17.058c0 9.419-7.638 17.058-17.058 17.058h-136.462c-9.421 0-17.058-7.638-17.058-17.058v-17.058zM34.116 785.907c0-9.421 7.638-17.058 17.058-17.058h289.982v17.058c0 28.261 22.912 51.173 51.173 51.173h136.462c28.259 0 51.173-22.912 51.173-51.173v-17.058h289.981c9.421 0 17.058 7.637 17.058 17.058v68.23c0 9.421-7.637 17.058-17.058 17.058h-818.771c-9.42 0-17.058-7.637-17.058-17.058v-68.23z"
        ],
        "attrs": [
          {
            "fill": "rgb(77, 90, 229)"
          },
          {
            "fill": "rgb(77, 90, 229)"
          },
          {
            "fill": "rgb(77, 90, 229)"
          },
          {
            "fill": "rgb(77, 90, 229)"
          },
          {
            "fill": "rgb(46, 47, 66)"
          }
        ],
        "isMulticolor": true,
        "isMulticolor2": false,
        "grid": 0,
        "tags": [
          "diagram"
        ],
        "colorPermutations": {
          "14214315312442442531464766177902291": [
            {
              "f": 2
            },
            {
              "f": 2
            },
            {
              "f": 2
            },
            {
              "f": 2
            },
            {
              "f": 0
            }
          ]
        }
      },
      "attrs": [
        {
          "fill": "rgb(77, 90, 229)"
        },
        {
          "fill": "rgb(77, 90, 229)"
        },
        {
          "fill": "rgb(77, 90, 229)"
        },
        {
          "fill": "rgb(77, 90, 229)"
        },
        {
          "fill": "rgb(46, 47, 66)"
        }
      ],
      "properties": {
        "order": 64,
        "id": 4,
        "name": "diagram",
        "prevSize": 32
      },
      "setIdx": 3,
      "setId": 2,
      "iconIdx": 9
    },
    {
      "icon": {
        "paths": [
          "M682.539 170.027h93.483v-162.816c-16.128-2.219-71.595-7.211-136.192-7.211-134.784 0-227.114 84.779-227.114 240.597v143.403h-148.736v182.016h148.736v457.984h182.357v-457.941h142.72l22.656-182.016h-165.419v-125.397c0.043-52.608 14.208-88.619 87.509-88.619v0z"
        ],
        "attrs": [
          {
            "fill": "rgb(244, 244, 253)"
          }
        ],
        "isMulticolor": false,
        "isMulticolor2": false,
        "grid": 0,
        "tags": [
          "facebook"
        ],
        "colorPermutations": {
          "14214315312442442531464766177902291": [
            {
              "f": 3
            }
          ]
        }
      },
      "attrs": [
        {
          "fill": "rgb(244, 244, 253)"
        }
      ],
      "properties": {
        "order": 65,
        "id": 3,
        "name": "facebook",
        "prevSize": 32
      },
      "setIdx": 3,
      "setId": 2,
      "iconIdx": 10
    },
    {
      "icon": {
        "paths": [
          "M1022.997 301.059c-2.398-54.409-11.196-91.815-23.799-124.227-13.005-34.405-33.007-65.208-59.217-90.815-25.604-26.005-56.61-46.212-90.62-59.012-32.597-12.604-69.807-21.403-124.22-23.802-54.814-2.602-72.213-3.204-211.243-3.204-139.027 0-156.428 0.602-211.041 3.001-54.409 2.399-91.814 11.205-124.219 23.802-34.413 13.003-65.216 33.006-90.822 59.215-26.005 25.606-46.204 56.613-59.011 90.619-12.604 32.608-21.403 69.81-23.802 124.219-2.602 54.816-3.204 72.218-3.204 211.243 0 139.029 0.602 156.429 3.001 211.042 2.399 54.409 11.205 91.814 23.809 124.228 13.003 34.406 33.202 65.207 59.207 90.816 25.607 26.005 56.613 46.212 90.619 59.012 32.608 12.604 69.81 21.402 124.227 23.799 54.604 2.406 72.014 2.999 211.040 2.999 139.029 0 156.429-0.593 211.042-2.999 54.409-2.398 91.814-11.196 124.22-23.799 68.817-26.607 123.226-81.020 149.833-149.828 12.599-32.606 21.406-69.82 23.804-124.228 2.398-54.613 2.999-72.013 2.999-211.042 0-139.025-0.205-156.427-2.603-211.039zM930.786 719.142c-2.206 50.010-10.607 77.013-17.604 95.019-17.207 44.608-52.612 80.013-97.225 97.22-18.001 7.002-45.205 15.403-95.019 17.596-54.012 2.406-70.208 3.004-206.835 3.004-136.629 0-153.031-0.597-206.846-3.004-50.010-2.193-77.015-10.594-95.018-17.596-22.2-8.205-42.407-21.21-58.808-38.212-17.004-16.602-30.006-36.608-38.211-58.807-7.002-18.001-15.401-45.21-17.597-95.019-2.406-54.012-3-70.217-3-206.844 0-136.629 0.594-153.030 3-206.838 2.196-50.010 10.596-77.015 17.597-95.019 8.205-22.208 21.207-42.407 38.414-58.816 16.597-17.003 36.601-30.006 58.808-38.202 18.004-7.002 45.212-15.401 95.018-17.605 54.011-2.399 70.217-3.001 206.835-3.001 136.832 0 153.033 0.602 206.848 3.001 50.010 2.204 77.013 10.604 95.019 17.605 22.199 8.197 42.406 21.199 58.807 38.202 17.003 16.605 30.007 36.609 38.212 58.816 6.997 18.004 15.398 45.204 17.604 95.019 2.398 54.010 2.999 70.209 2.999 206.838 0 136.627-0.602 152.631-2.999 206.643z",
          "M513.899 249.047c-145.222 0-263.050 117.82-263.050 263.051 0 145.233 117.828 263.053 263.050 263.053 145.233 0 263.053-117.82 263.053-263.053 0-145.231-117.82-263.051-263.053-263.051zM513.899 682.735c-94.212 0-170.633-76.416-170.633-170.637s76.421-170.635 170.633-170.635c94.225 0 170.637 76.413 170.637 170.635s-76.412 170.637-170.637 170.637v0z",
          "M848.768 238.65c0 33.913-27.494 61.411-61.419 61.411-33.911 0-61.41-27.497-61.41-61.411 0-33.92 27.499-61.411 61.41-61.411 33.924 0 61.419 27.49 61.419 61.411v0z"
        ],
        "attrs": [
          {
            "fill": "rgb(244, 244, 253)"
          },
          {
            "fill": "rgb(244, 244, 253)"
          },
          {
            "fill": "rgb(244, 244, 253)"
          }
        ],
        "isMulticolor": false,
        "isMulticolor2": false,
        "grid": 0,
        "tags": [
          "instagram"
        ],
        "colorPermutations": {
          "14214315312442442531464766177902291": [
            {
              "f": 3
            },
            {
              "f": 3
            },
            {
              "f": 3
            }
          ]
        }
      },
      "attrs": [
        {
          "fill": "rgb(244, 244, 253)"
        },
        {
          "fill": "rgb(244, 244, 253)"
        },
        {
          "fill": "rgb(244, 244, 253)"
        }
      ],
      "properties": {
        "order": 66,
        "id": 2,
        "name": "instagram",
        "prevSize": 32
      },
      "setIdx": 3,
      "setId": 2,
      "iconIdx": 11
    },
    {
      "icon": {
        "paths": [
          "M1023.744 1024.004v-0.043h0.256v-375.552c0-183.723-39.552-325.248-254.336-325.248-103.253 0-172.544 56.661-200.832 110.379h-2.987v-93.227h-203.648v683.648h212.053v-338.517c0-89.131 16.896-175.317 127.275-175.317 108.757 0 110.379 101.717 110.379 181.035v332.843h211.84z",
          "M16.896 340.349h212.31v683.647h-212.31v-683.647z",
          "M122.965 0c-67.883 0-122.965 55.083-122.965 122.965s55.083 124.117 122.965 124.117c67.883 0 122.965-56.235 122.965-124.117-0.043-67.883-55.125-122.965-122.965-122.965v0z"
        ],
        "attrs": [
          {
            "fill": "rgb(244, 244, 253)"
          },
          {
            "fill": "rgb(244, 244, 253)"
          },
          {
            "fill": "rgb(244, 244, 253)"
          }
        ],
        "isMulticolor": false,
        "isMulticolor2": false,
        "grid": 0,
        "tags": [
          "linkedin"
        ],
        "colorPermutations": {
          "14214315312442442531464766177902291": [
            {
              "f": 3
            },
            {
              "f": 3
            },
            {
              "f": 3
            }
          ]
        }
      },
      "attrs": [
        {
          "fill": "rgb(244, 244, 253)"
        },
        {
          "fill": "rgb(244, 244, 253)"
        },
        {
          "fill": "rgb(244, 244, 253)"
        }
      ],
      "properties": {
        "order": 67,
        "id": 1,
        "name": "linkedin",
        "prevSize": 32
      },
      "setIdx": 3,
      "setId": 2,
      "iconIdx": 12
    },
    {
      "icon": {
        "paths": [
          "M1024 194.496c-38.080 16.704-78.656 27.776-120.96 33.152 43.52-25.984 76.736-66.816 92.352-116.032-40.576 24.192-85.376 41.28-133.12 50.816-38.528-41.024-93.44-66.432-153.344-66.432-116.224 0-209.792 94.336-209.792 209.984 0 16.64 1.408 32.64 4.864 47.872-174.528-8.512-328.96-92.16-432.704-219.584-18.112 31.424-28.736 67.392-28.736 106.112 0 72.704 37.44 137.152 93.248 174.464-33.728-0.64-66.816-10.432-94.848-25.856 0 0.64 0 1.472 0 2.304 0 102.016 72.768 186.752 168.192 206.272-17.088 4.672-35.712 6.912-55.040 6.912-13.44 0-27.008-0.768-39.744-3.584 27.2 83.136 104.384 144.256 196.16 146.24-71.424 55.872-162.112 89.536-260.288 89.536-17.216 0-33.728-0.768-50.24-2.88 92.992 59.968 203.2 94.208 322.048 94.208 386.304 0 597.504-320 597.504-597.376 0-9.28-0.32-18.24-0.768-27.136 41.664-29.568 76.672-66.496 105.216-108.992z"
        ],
        "attrs": [
          {
            "fill": "rgb(244, 244, 253)"
          }
        ],
        "isMulticolor": false,
        "isMulticolor2": false,
        "grid": 0,
        "tags": [
          "twitter"
        ],
        "colorPermutations": {
          "14214315312442442531464766177902291": [
            {
              "f": 3
            }
          ]
        }
      },
      "attrs": [
        {
          "fill": "rgb(244, 244, 253)"
        }
      ],
      "properties": {
        "order": 68,
        "id": 0,
        "name": "twitter",
        "prevSize": 32
      },
      "setIdx": 3,
      "setId": 2,
      "iconIdx": 13
    }
  ],
  "height": 1024,
  "preferences": {
    "showGlyphs": true,
    "showQuickUse": true,
    "showQuickUse2": true,
    "showSVGs": true,
    "fontPref": {
      "prefix": "icon-",
      "metadata": {
        "fontFamily": "icomoon"
      },
      "metrics": {
        "emSize": 1024,
        "baseline": 6.25,
        "whitespace": 50
      },
      "embed": false
    },
    "imagePref": {
      "prefix": "icon_",
      "png": true,
      "useClassSelector": true,
      "color": 0,
      "bgColor": 16777215,
      "classSelector": ".icon",
      "name": "icomoon",
      "height": 32,
      "columns": 16,
      "margin": 16
    },
    "historySize": 50,
    "showCodes": true,
    "gridSize": 16
  }
}